song,artist,credits,last,peak,weeks,date
Circles,Post Malone,"Post Malone, Frank Dukes, L.Bell",1,1,18,2020-01-04
Good As Hell,Lizzo,Ricky Reed,2,1,16,2020-01-04
Lose You To Love Me,Selena Gomez,Mattman & Robin,3,3,10,2020-01-04
Memories,Maroon 5,"A.Levine, The Monsters & Strangerz",4,4,15,2020-01-04
Someone You Loved,Lewis Capaldi,TMS,5,1,28,2020-01-04
Panini,Lil Nas X,"Take A Daytrip, Dot Da Genius",7,6,23,2020-01-04
Trampoline,SHAED,"SHAED, A.Mendoza",6,4,30,2020-01-04
Dance Monkey,Tones And I,K.Kersting,9,8,10,2020-01-04
Don't Start Now,Dua Lipa,I.Kirkpatrick,11,9,8,2020-01-04
Graveyard,Halsey,"J.Bellion, L.Bell, Ojivolta, The Monsters & Strangerz",10,10,15,2020-01-04
Only Human,Jonas Brothers,Shellback,8,3,26,2020-01-04
"10,000 Hours",Dan + Shay & Justin Bieber,D.Smyers,12,12,12,2020-01-04
Roxanne,Arizona Zervas,"94Skrt, JaeGreen",15,13,6,2020-01-04
Truth Hurts,Lizzo,"Ricky Reed, Tele",13,1,31,2020-01-04
Time,NF,"T.Profitt, NF",14,9,22,2020-01-04
Heartless,The Weeknd,"Metro Boomin, The Weeknd, Illangelo, Dre Moon",17,16,5,2020-01-04
Lover,Taylor Swift,"J.M.Antonoff, T.Swift",16,16,17,2020-01-04
Hot Girl Bummer,blackbear,"A.M.Goldstein, blackbear",18,18,9,2020-01-04
Adore You,Harry Styles,"Kid Harpoon, T.Johnson",20,19,4,2020-01-04
Everything I Wanted,Billie Eilish,Finneas,19,19,5,2020-01-04
Nice To Meet Ya,Niall Horan, J.Bunetta,21,19,13,2020-01-04
South Of The Border,Ed Sheeran Featuring Camila Cabello & Cardi B,"E.Sheeran, FRED, Steve Mac",23,22,3,2020-01-04
Teeth,5 Seconds Of Summer,"Andrew Watt, L.Bell",25,23,11,2020-01-04
What Am I,Why Don't We,(),22,22,17,2020-01-04
Raising Hell,Kesha Featuring Big Freedia,(),24,24,8,2020-01-04
HIGHEST IN THE ROOM,Travis Scott,"OZ, Nik D, M.G.Dean",26,26,7,2020-01-04
My Type,Saweetie,London On Da Track,27,24,14,2020-01-04
Make It Right,BTS Featuring Lauv,FRED,29,28,8,2020-01-04
Slow Dance,AJ Mitchell & Ava Max,(),28,28,13,2020-01-04
RITMO (Bad Boys For Life),The Black Eyed Peas X J Balvin,"will.i.am, K.Harris",32,30,4,2020-01-04
Good Thing,Zedd & Kehlani,"Zedd, Starsmith, Lostboy",31,31,5,2020-01-04
We Made It,Louis Tomlinson,(),33,32,3,2020-01-04
All The Good Girls Go To Hell,Billie Eilish,Finneas,34,20,12,2020-01-04
Blinding Lights,The Weeknd,"Max Martin, O.T.Holter, The Weeknd",39,34,2,2020-01-04
My Oh My,Camila Cabello Featuring DaBaby,Frank Dukes,-,35,1,2020-01-04
Checklist,MAX Featuring Chromeo,(),36,36,2,2020-01-04
Make You Mine,Public,"J.Vaughn, M.Alvarado, E.Tuffendsam, B.Lapps",35,35,5,2020-01-04
Juicy,Doja Cat & Tyga,"TYSON TRAX, Yeti",40,38,2,2020-01-04
Take What You Want,Post Malone Featuring Ozzy Osbourne & Travis Scott,"L.Bell, Andrew Watt",38,36,9,2020-01-04
Yellow Hearts,Ant Saunders,A.Saunders,-,40,1,2020-01-04
Circles,Post Malone,"Post Malone, Frank Dukes, L.Bell",1,1,19,2020-01-11
Good As Hell,Lizzo,Ricky Reed,2,1,17,2020-01-11
Lose You To Love Me,Selena Gomez,Mattman & Robin,3,3,11,2020-01-11
Memories,Maroon 5,"A.Levine, The Monsters & Strangerz",4,4,16,2020-01-11
Someone You Loved,Lewis Capaldi,TMS,5,1,29,2020-01-11
Panini,Lil Nas X,"Take A Daytrip, Dot Da Genius",6,6,24,2020-01-11
Dance Monkey,Tones And I,K.Kersting,8,7,11,2020-01-11
Trampoline,SHAED,"SHAED, A.Mendoza",7,4,31,2020-01-11
Don't Start Now,Dua Lipa,I.Kirkpatrick,9,9,9,2020-01-11
Only Human,Jonas Brothers,Shellback,11,3,27,2020-01-11
"10,000 Hours",Dan + Shay & Justin Bieber,D.Smyers,12,11,13,2020-01-11
Graveyard,Halsey,"J.Bellion, L.Bell, Ojivolta, The Monsters & Strangerz",10,10,16,2020-01-11
Roxanne,Arizona Zervas,"94Skrt, JaeGreen",13,13,7,2020-01-11
Truth Hurts,Lizzo,"Ricky Reed, Tele",14,1,32,2020-01-11
Heartless,The Weeknd,"Metro Boomin, The Weeknd, Illangelo, Dre Moon",16,15,6,2020-01-11
Lover,Taylor Swift,"J.M.Antonoff, T.Swift",17,16,18,2020-01-11
Hot Girl Bummer,blackbear,"A.M.Goldstein, blackbear",18,17,10,2020-01-11
Adore You,Harry Styles,"Kid Harpoon, T.Johnson",19,18,5,2020-01-11
Everything I Wanted,Billie Eilish,Finneas,20,19,6,2020-01-11
Nice To Meet Ya,Niall Horan,J.Bunetta,21,19,14,2020-01-11
South Of The Border,Ed Sheeran Featuring Camila Cabello & Cardi B,"E.Sheeran, FRED, Steve Mac",22,21,4,2020-01-11
Yummy,Justin Bieber,"Kid Culture, Poo Bear, S.Sirota",-,22,1,2020-01-11
Teeth,5 Seconds Of Summer,"Andrew Watt, L.Bell",23,23,12,2020-01-11
Raising Hell,Kesha Featuring Big Freedia,(),25,24,9,2020-01-11
HIGHEST IN THE ROOM,Travis Scott,"OZ, Nik D, M.G.Dean",26,25,8,2020-01-11
What Am I,Why Don't We,(),24,22,18,2020-01-11
My Type,Saweetie,London On Da Track,27,24,15,2020-01-11
Make It Right,BTS Featuring Lauv,FRED,28,28,9,2020-01-11
Good Thing,Zedd & Kehlani,"Zedd, Starsmith, Lostboy",31,29,6,2020-01-11
RITMO (Bad Boys For Life),The Black Eyed Peas X J Balvin,"will.i.am, K.Harris",30,30,5,2020-01-11
Slow Dance,AJ Mitchell & Ava Max,(),29,28,14,2020-01-11
We Made It,Louis Tomlinson,(),32,32,4,2020-01-11
My Oh My,Camila Cabello Featuring DaBaby,Frank Dukes,35,33,2,2020-01-11
Blinding Lights,The Weeknd,"Max Martin, O.T.Holter, The Weeknd",34,34,3,2020-01-11
Juicy,Doja Cat & Tyga,"TYSON TRAX, Yeti",38,35,3,2020-01-11
All The Good Girls Go To Hell,Billie Eilish,Finneas,33,20,13,2020-01-11
Make You Mine,Public,"J.Vaughn, M.Alvarado, E.Tuffendsam, B.Lapps",37,35,6,2020-01-11
Checklist,MAX Featuring Chromeo,(),36,36,3,2020-01-11
Yellow Hearts,Ant Saunders,A.Saunders,40,39,2,2020-01-11
I'm Not Alright,Loud Luxury & Bryce Vine,"Loud Luxury, Trackside",-,35,7,2020-01-11
Circles,Post Malone,"Post Malone, Frank Dukes, L.Bell",1,1,20,2020-01-18
Lose You To Love Me,Selena Gomez,Mattman & Robin,3,2,12,2020-01-18
Good As Hell,Lizzo,Ricky Reed,2,1,18,2020-01-18
Memories,Maroon 5,"A.Levine, The Monsters & Strangerz",4,4,17,2020-01-18
Someone You Loved,Lewis Capaldi,TMS,5,1,30,2020-01-18
Dance Monkey,Tones And I,K.Kersting,7,6,12,2020-01-18
Don't Start Now,Dua Lipa,I.Kirkpatrick,9,7,10,2020-01-18
Panini,Lil Nas X,"Take A Daytrip, Dot Da Genius",6,6,25,2020-01-18
Roxanne,Arizona Zervas,"94Skrt, JaeGreen",13,9,8,2020-01-18
Trampoline,SHAED,"SHAED, A.Mendoza",8,4,32,2020-01-18
"10,000 Hours",Dan + Shay & Justin Bieber,D.Smyers,11,11,14,2020-01-18
Only Human,Jonas Brothers,Shellback,10,3,28,2020-01-18
Yummy,Justin Bieber,"Kid Culture, Poo Bear, S.Sirota",22,13,2,2020-01-18
Heartless,The Weeknd,"Metro Boomin, The Weeknd, Illangelo, Dre Moon",15,14,7,2020-01-18
Truth Hurts,Lizzo,"Ricky Reed, Tele",14,1,33,2020-01-18
Graveyard,Halsey,"J.Bellion, L.Bell, Ojivolta, The Monsters & Strangerz",12,10,17,2020-01-18
Everything I Wanted,Billie Eilish,Finneas,19,17,7,2020-01-18
Adore You,Harry Styles,"Kid Harpoon, T.Johnson",18,18,6,2020-01-18
Hot Girl Bummer,blackbear,"A.M.Goldstein, blackbear",17,17,11,2020-01-18
Lover,Taylor Swift,"J.M.Antonoff, T.Swift",16,16,19,2020-01-18
South Of The Border,Ed Sheeran Featuring Camila Cabello & Cardi B,"E.Sheeran, FRED, Steve Mac",21,21,5,2020-01-18
Nice To Meet Ya,Niall Horan,J.Bunetta,20,19,15,2020-01-18
Teeth,5 Seconds Of Summer,"Andrew Watt, L.Bell",23,23,13,2020-01-18
My Oh My,Camila Cabello Featuring DaBaby,Frank Dukes,33,24,3,2020-01-18
HIGHEST IN THE ROOM,Travis Scott,"OZ, Nik D, M.G.Dean",25,25,9,2020-01-18
Raising Hell,Kesha Featuring Big Freedia,(),24,24,10,2020-01-18
Blinding Lights,The Weeknd,"Max Martin, O.T.Holter, The Weeknd",34,27,4,2020-01-18
Make It Right,BTS Featuring Lauv,FRED,28,28,10,2020-01-18
Good Thing,Zedd & Kehlani,"Zedd, Starsmith, Lostboy",29,29,7,2020-01-18
RITMO (Bad Boys For Life),The Black Eyed Peas X J Balvin,"will.i.am, K.Harris",30,30,6,2020-01-18
What Am I,Why Don't We,(),26,22,19,2020-01-18
My Type,Saweetie,London On Da Track,27,24,16,2020-01-18
Slow Dance,AJ Mitchell & Ava Max,(),31,28,15,2020-01-18
We Made It,Louis Tomlinson,(),32,32,5,2020-01-18
Juicy,Doja Cat & Tyga,"TYSON TRAX, Yeti",35,35,4,2020-01-18
Falling,Trevor Daniel,"KC Supreme, Charlie Handsome, Taz Taylor",-,36,1,2020-01-18
Underdog,Alicia Keys,"J.McDaid, Alicia Keys",-,37,1,2020-01-18
Make You Mine,Public,"J.Vaughn, M.Alvarado, E.Tuffendsam, B.Lapps",37,35,7,2020-01-18
Yellow Hearts,Ant Saunders,A.Saunders,39,39,3,2020-01-18
Before You Go,Lewis Capaldi,TMS,-,40,1,2020-01-18
Circles,Post Malone,"Post Malone, Frank Dukes, L.Bell",1,1,21,2020-01-25
Lose You To Love Me,Selena Gomez,Mattman & Robin,2,2,13,2020-01-25
Memories,Maroon 5,"A.Levine, The Monsters & Strangerz",4,3,18,2020-01-25
Good As Hell,Lizzo,Ricky Reed,3,1,19,2020-01-25
Someone You Loved,Lewis Capaldi,TMS,5,1,31,2020-01-25
Don't Start Now,Dua Lipa,I.Kirkpatrick,7,6,11,2020-01-25
Dance Monkey,Tones And I,K.Kersting,6,6,13,2020-01-25
Roxanne,Arizona Zervas,"94Skrt, JaeGreen",9,8,9,2020-01-25
Panini,Lil Nas X,"Take A Daytrip, Dot Da Genius",8,6,26,2020-01-25
"10,000 Hours",Dan + Shay & Justin Bieber,D.Smyers,11,10,15,2020-01-25
Heartless,The Weeknd,"Metro Boomin, The Weeknd, Illangelo, Dre Moon",14,11,8,2020-01-25
Yummy,Justin Bieber,"Kid Culture, Poo Bear, S.Sirota",13,12,3,2020-01-25
Trampoline,SHAED,"SHAED, A.Mendoza",10,4,33,2020-01-25
Hot Girl Bummer,blackbear,"A.M.Goldstein, blackbear",19,14,12,2020-01-25
Only Human,Jonas Brothers,Shellback,12,3,29,2020-01-25
Adore You,Harry Styles,"Kid Harpoon, T.Johnson",18,16,7,2020-01-25
Everything I Wanted,Billie Eilish,Finneas,17,17,8,2020-01-25
South Of The Border,Ed Sheeran Featuring Camila Cabello & Cardi B,"E.Sheeran, FRED, Steve Mac",21,18,6,2020-01-25
My Oh My,Camila Cabello Featuring DaBaby,Frank Dukes,24,19,4,2020-01-25
Blinding Lights,The Weeknd,"Max Martin, O.T.Holter, The Weeknd",27,20,5,2020-01-25
Teeth,5 Seconds Of Summer,"Andrew Watt, L.Bell",23,21,14,2020-01-25
Graveyard,Halsey,"J.Bellion, L.Bell, Ojivolta, The Monsters & Strangerz",16,10,18,2020-01-25
You Should Be Sad,Halsey,G.Kurstin,-,23,1,2020-01-25
Lover,Taylor Swift,"J.M.Antonoff, T.Swift",20,16,20,2020-01-25
HIGHEST IN THE ROOM,Travis Scott,"OZ, Nik D, M.G.Dean",25,25,10,2020-01-25
Nice To Meet Ya,Niall Horan,J.Bunetta,22,19,16,2020-01-25
RITMO (Bad Boys For Life),The Black Eyed Peas X J Balvin,"will.i.am, K.Harris",30,27,7,2020-01-25
Good Thing,Zedd & Kehlani,"Zedd, Starsmith, Lostboy",29,28,8,2020-01-25
Make It Right,BTS Featuring Lauv,FRED,28,28,11,2020-01-25
What A Man Gotta Do,Jonas Brothers,"D.Stewart, R.B.Tedder",-,30,1,2020-01-25
Raising Hell,Kesha Featuring Big Freedia,(),26,24,11,2020-01-25
Falling,Trevor Daniel,"KC Supreme, Charlie Handsome, Taz Taylor",36,32,2,2020-01-25
Underdog,Alicia Keys,"J.McDaid, Alicia Keys",37,33,2,2020-01-25
Juicy,Doja Cat & Tyga,"TYSON TRAX, Yeti",35,34,5,2020-01-25
Before You Go,Lewis Capaldi,TMS,40,35,2,2020-01-25
We Made It,Louis Tomlinson,(),34,32,6,2020-01-25
My Type,Saweetie,London On Da Track,32,24,17,2020-01-25
Make You Mine,Public,"J.Vaughn, M.Alvarado, E.Tuffendsam, B.Lapps",38,35,8,2020-01-25
Yellow Hearts,Ant Saunders,A.Saunders,39,39,4,2020-01-25
SUGAR,BrockHampton,"Jabari Manwa, R.Hemnani",-,40,1,2020-01-25
Circles,Post Malone,"Post Malone, Frank Dukes, L.Bell",1,1,22,2020-02-01
Lose You To Love Me,Selena Gomez,Mattman & Robin,2,2,14,2020-02-01
Memories,Maroon 5,"A.Levine, The Monsters & Strangerz",3,3,19,2020-02-01
Good As Hell,Lizzo,Ricky Reed,4,1,20,2020-02-01
Don't Start Now,Dua Lipa,I.Kirkpatrick,6,5,12,2020-02-01
Roxanne,Arizona Zervas,"94Skrt, JaeGreen",8,6,10,2020-02-01
Dance Monkey,Tones And I,K.Kersting,7,6,14,2020-02-01
Someone You Loved,Lewis Capaldi,TMS,5,1,32,2020-02-01
"10,000 Hours",Dan + Shay & Justin Bieber,D.Smyers,10,9,16,2020-02-01
Heartless,The Weeknd,"Metro Boomin, The Weeknd, Illangelo, Dre Moon",11,10,9,2020-02-01
Yummy,Justin Bieber,"Kid Culture, Poo Bear, S.Sirota",12,11,4,2020-02-01
Hot Girl Bummer,blackbear,"A.M.Goldstein, blackbear",14,12,13,2020-02-01
Panini,Lil Nas X,"Take A Daytrip, Dot Da Genius",9,6,27,2020-02-01
Adore You,Harry Styles,"Kid Harpoon, T.Johnson",16,14,8,2020-02-01
Trampoline,SHAED,"SHAED, A.Mendoza",13,4,34,2020-02-01
Everything I Wanted,Billie Eilish,Finneas,17,16,9,2020-02-01
South Of The Border,Ed Sheeran Featuring Camila Cabello & Cardi B,"E.Sheeran, FRED, Steve Mac",18,17,7,2020-02-01
My Oh My,Camila Cabello Featuring DaBaby,Frank Dukes,19,18,5,2020-02-01
What A Man Gotta Do,Jonas Brothers,"D.Stewart, R.B.Tedder",30,19,2,2020-02-01
Blinding Lights,The Weeknd,"Max Martin, O.T.Holter, The Weeknd",20,20,6,2020-02-01
You Should Be Sad,Halsey,G.Kurstin,23,21,2,2020-02-01
Teeth,5 Seconds Of Summer,"Andrew Watt, L.Bell",21,21,15,2020-02-01
HIGHEST IN THE ROOM,Travis Scott,"OZ, Nik D, M.G.Dean",25,23,11,2020-02-01
RITMO (Bad Boys For Life),The Black Eyed Peas X J Balvin,"will.i.am, K.Harris",27,24,8,2020-02-01
Good Thing,Zedd & Kehlani,"Zedd, Starsmith, Lostboy",28,25,9,2020-02-01
Make It Right,BTS Featuring Lauv,FRED,29,26,12,2020-02-01
Falling,Trevor Daniel,"KC Supreme, Charlie Handsome, Taz Taylor",32,27,3,2020-02-01
Underdog,Alicia Keys,"J.McDaid, Alicia Keys",33,28,3,2020-02-01
Graveyard,Halsey,"J.Bellion, L.Bell, Ojivolta, The Monsters & Strangerz",22,10,19,2020-02-01
Before You Go,Lewis Capaldi,TMS,35,30,3,2020-02-01
Nice To Meet Ya,Niall Horan,J.Bunetta,26,19,17,2020-02-01
Make You Mine,Public,"J.Vaughn, M.Alvarado, E.Tuffendsam, B.Lapps",38,32,9,2020-02-01
Juicy,Doja Cat & Tyga,"TYSON TRAX, Yeti",34,33,6,2020-02-01
Yellow Hearts,Ant Saunders,A.Saunders,39,34,5,2020-02-01
Raising Hell,Kesha Featuring Big Freedia,(),31,24,12,2020-02-01
SUGAR,BrockHampton,"Jabari Manwa, R.Hemnani",40,36,2,2020-02-01
We Made It,Louis Tomlinson,(),36,32,7,2020-02-01
My Type,Saweetie,London On Da Track,37,24,18,2020-02-01
Walking,88rising & Joji & Jackson Wang Featuring Swae Lee &Major Lazer,(),-,39,1,2020-02-01
The Box,Roddy Ricch,30Roc,-,40,1,2020-02-01
Memories,Maroon 5,"A.Levine, The Monsters & Strangerz",3,1,20,2020-02-08
Circles,Post Malone,"Post Malone, Frank Dukes, L.Bell",1,1,23,2020-02-08
Lose You To Love Me,Selena Gomez,Mattman & Robin,2,2,15,2020-02-08
Don't Start Now,Dua Lipa,I.Kirkpatrick,5,4,13,2020-02-08
Good As Hell,Lizzo,Ricky Reed,4,1,21,2020-02-08
Roxanne,Arizona Zervas,"94Skrt, JaeGreen",6,6,11,2020-02-08
Dance Monkey,Tones And I,K.Kersting,7,6,15,2020-02-08
Someone You Loved,Lewis Capaldi,TMS,8,1,33,2020-02-08
Hot Girl Bummer,blackbear,"A.M.Goldstein, blackbear",12,9,14,2020-02-08
Heartless,The Weeknd,"Metro Boomin, The Weeknd, Illangelo, Dre Moon",10,10,10,2020-02-08
"10,000 Hours",Dan + Shay & Justin Bieber,D.Smyers,9,9,17,2020-02-08
Yummy,Justin Bieber,"Kid Culture, Poo Bear, S.Sirota",11,11,5,2020-02-08
Everything I Wanted,Billie Eilish,Finneas,16,13,10,2020-02-08
Adore You,Harry Styles,"Kid Harpoon, T.Johnson",14,14,9,2020-02-08
Trampoline,SHAED,"SHAED, A.Mendoza",15,4,35,2020-02-08
South Of The Border,Ed Sheeran Featuring Camila Cabello & Cardi B,"E.Sheeran, FRED, Steve Mac",17,16,8,2020-02-08
What A Man Gotta Do,Jonas Brothers,"D.Stewart, R.B.Tedder",19,17,3,2020-02-08
My Oh My,Camila Cabello Featuring DaBaby,Frank Dukes,18,18,6,2020-02-08
Blinding Lights,The Weeknd,"Max Martin, O.T.Holter, The Weeknd",20,19,7,2020-02-08
You Should Be Sad,Halsey,G.Kurstin,21,20,3,2020-02-08
Teeth,5 Seconds Of Summer,"Andrew Watt, L.Bell",22,21,16,2020-02-08
HIGHEST IN THE ROOM,Travis Scott,"OZ, Nik D, M.G.Dean",23,22,12,2020-02-08
RITMO (Bad Boys For Life),The Black Eyed Peas X J Balvin,"will.i.am, K.Harris",24,23,9,2020-02-08
Make It Right,BTS Featuring Lauv,FRED,26,24,13,2020-02-08
Falling,Trevor Daniel,"KC Supreme, Charlie Handsome, Taz Taylor",27,25,4,2020-02-08
Good Thing,Zedd & Kehlani,"Zedd, Starsmith, Lostboy",25,25,10,2020-02-08
Underdog,Alicia Keys,"J.McDaid, Alicia Keys",28,27,4,2020-02-08
Before You Go,Lewis Capaldi,TMS,30,28,4,2020-02-08
Cuz I Love You,Lizzo,X Ambassadors,-,29,1,2020-02-08
Make You Mine,Public,"J.Vaughn, M.Alvarado, E.Tuffendsam, B.Lapps",32,30,10,2020-02-08
The Man,Taylor Swift,"J.Little, T.Swift",-,31,1,2020-02-08
Yellow Hearts,Ant Saunders,A.Saunders,34,32,6,2020-02-08
Graveyard,Halsey,"J.Bellion, L.Bell, Ojivolta, The Monsters & Strangerz",29,10,20,2020-02-08
The Box,Roddy Ricch,30Roc,40,34,2,2020-02-08
SUGAR,BrockHampton,"Jabari Manwa, R.Hemnani",36,35,3,2020-02-08
Rare,Selena Gomez,"Sir Nolan, Simon Says",-,36,1,2020-02-08
Juicy,Doja Cat & Tyga,"TYSON TRAX, Yeti",33,33,7,2020-02-08
Ride It.,Regard,Regard,-,38,1,2020-02-08
Sad Tonight,Chelsea Cutler,(),-,39,1,2020-02-08
Nice To Meet Ya,Niall Horan,J.Bunetta,31,19,18,2020-02-08
Circles,Post Malone,"Post Malone, Frank Dukes, L.Bell",2,1,24,2020-02-15
Memories,Maroon 5,"A.Levine, The Monsters & Strangerz",1,1,21,2020-02-15
Don't Start Now,Dua Lipa,I.Kirkpatrick,4,3,14,2020-02-15
Lose You To Love Me,Selena Gomez,Mattman & Robin,3,2,16,2020-02-15
Roxanne,Arizona Zervas,"94Skrt, JaeGreen",6,5,12,2020-02-15
Dance Monkey,Tones And I,K.Kersting,7,6,16,2020-02-15
Hot Girl Bummer,blackbear,"A.M.Goldstein, blackbear",9,7,15,2020-02-15
Heartless,The Weeknd,"Metro Boomin, The Weeknd, Illangelo, Dre Moon",10,8,11,2020-02-15
Good As Hell,Lizzo,Ricky Reed,5,1,22,2020-02-15
Someone You Loved,Lewis Capaldi,TMS,8,1,34,2020-02-15
Everything I Wanted,Billie Eilish,Finneas,13,11,11,2020-02-15
"10,000 Hours",Dan + Shay & Justin Bieber,D.Smyers,11,9,18,2020-02-15
Adore You,Harry Styles,"Kid Harpoon, T.Johnson",14,13,10,2020-02-15
What A Man Gotta Do,Jonas Brothers,"D.Stewart, R.B.Tedder",17,14,4,2020-02-15
Blinding Lights,The Weeknd,"Max Martin, O.T.Holter, The Weeknd",19,15,8,2020-02-15
South Of The Border,Ed Sheeran Featuring Camila Cabello & Cardi B,"E.Sheeran, FRED, Steve Mac",16,16,9,2020-02-15
My Oh My,Camila Cabello Featuring DaBaby,Frank Dukes,18,17,7,2020-02-15
Yummy,Justin Bieber,"Kid Culture, Poo Bear, S.Sirota",12,11,6,2020-02-15
You Should Be Sad,Halsey,G.Kurstin,20,19,4,2020-02-15
RITMO (Bad Boys For Life),The Black Eyed Peas X J Balvin,"will.i.am, K.Harris",23,20,10,2020-02-15
HIGHEST IN THE ROOM,Travis Scott,"OZ, Nik D, M.G.Dean",22,21,13,2020-02-15
Falling,Trevor Daniel,"KC Supreme, Charlie Handsome, Taz Taylor",25,22,5,2020-02-15
Teeth,5 Seconds Of Summer,"Andrew Watt, L.Bell",21,21,17,2020-02-15
Cuz I Love You,Lizzo,X Ambassadors,29,24,2,2020-02-15
The Man,Taylor Swift,"J.Little, T.Swift",31,25,2,2020-02-15
Rare,Selena Gomez,"Sir Nolan, Simon Says",36,26,2,2020-02-15
Make It Right,BTS Featuring Lauv,FRED,24,24,14,2020-02-15
Underdog,Alicia Keys,"J.McDaid, Alicia Keys",27,27,5,2020-02-15
Before You Go,Lewis Capaldi,TMS,28,28,5,2020-02-15
Know Your Worth,Khalid x Disclosure,Disclosure,-,30,1,2020-02-15
The Box,Roddy Ricch,30Roc,34,31,3,2020-02-15
Make You Mine,Public,"J.Vaughn, M.Alvarado, E.Tuffendsam, B.Lapps",30,30,11,2020-02-15
Say So,Doja Cat,TYSON TRAX,-,33,1,2020-02-15
SUGAR,BrockHampton,"Jabari Manwa, R.Hemnani",35,34,4,2020-02-15
Yellow Hearts,Ant Saunders,A.Saunders,32,32,7,2020-02-15
Intentions,Justin Bieber Featuring Quavo,"Poo Bear, The Audibles",-,36,1,2020-02-15
Ride It.,Regard,Regard,38,37,2,2020-02-15
Good Thing,Zedd & Kehlani,"Zedd, Starsmith, Lostboy",26,25,11,2020-02-15
Sad Tonight,Chelsea Cutler,(),39,39,2,2020-02-15
Juicy,Doja Cat & Tyga,"TYSON TRAX, Yeti",37,33,8,2020-02-15
Circles,Post Malone,"Post Malone, Frank Dukes, L.Bell",1,1,25,2020-02-22
Don't Start Now,Dua Lipa,I.Kirkpatrick,3,2,15,2020-02-22
Memories,Maroon 5,"A.Levine, The Monsters & Strangerz",2,1,22,2020-02-22
Roxanne,Arizona Zervas,"94Skrt, JaeGreen",5,4,13,2020-02-22
Lose You To Love Me,Selena Gomez,Mattman & Robin,4,2,17,2020-02-22
Hot Girl Bummer,blackbear,"A.M.Goldstein, blackbear",7,6,16,2020-02-22
Dance Monkey,Tones And I,K.Kersting,6,6,17,2020-02-22
Heartless,The Weeknd,"Metro Boomin, The Weeknd, Illangelo, Dre Moon",8,8,12,2020-02-22
Everything I Wanted,Billie Eilish,Finneas,11,9,12,2020-02-22
Good As Hell,Lizzo,Ricky Reed,9,1,23,2020-02-22
Someone You Loved,Lewis Capaldi,TMS,10,1,35,2020-02-22
Adore You,Harry Styles,"Kid Harpoon, T.Johnson",13,12,11,2020-02-22
Blinding Lights,The Weeknd," Max Martin, O.T.Holter, The Weeknd",15,13,9,2020-02-22
What A Man Gotta Do,Jonas Brothers,"D.Stewart, R.B.Tedder",14,14,5,2020-02-22
My Oh My,Camila Cabello Featuring DaBaby,Frank Dukes,17,15,8,2020-02-22
South Of The Border,Ed Sheeran Featuring Camila Cabello & Cardi B,"E.Sheeran, FRED, Steve Mac",16,16,10,2020-02-22
You Should Be Sad,Halsey,G.Kurstin,19,17,5,2020-02-22
"10,000 Hours",Dan + Shay & Justin Bieber,D.Smyers,12,9,19,2020-02-22
RITMO (Bad Boys For Life),The Black Eyed Peas X J Balvin,"will.i.am, K.Harris",20,19,11,2020-02-22
Rare,Selena Gomez,"Sir Nolan, Simon Says",26,20,3,2020-02-22
Intentions,Justin Bieber Featuring Quavo,"Poo Bear, The Audibles",36,21,2,2020-02-22
Cuz I Love You,Lizzo,X Ambassadors,24,22,3,2020-02-22
Falling,Trevor Daniel,"KC Supreme, Charlie Handsome, Taz Taylor",22,22,6,2020-02-22
The Man,Taylor Swift,"J.Little, T.Swift",25,24,3,2020-02-22
Know Your Worth,Khalid x Disclosure,Disclosure,30,25,2,2020-02-22
HIGHEST IN THE ROOM,Travis Scott,"OZ, Nik D, M.G.Dean",21,21,14,2020-02-22
Yummy,Justin Bieber,"Kid Culture, Poo Bear, S.Sirota",18,11,7,2020-02-22
The Box,Roddy Ricch,30Roc,31,28,4,2020-02-22
Before You Go,Lewis Capaldi,TMS,29,28,6,2020-02-22
Underdog,Alicia Keys,"J.McDaid, Alicia Keys",28,27,6,2020-02-22
Say So,Doja Cat,TYSON TRAX,33,31,2,2020-02-22
Make You Mine,Public,"J.Vaughn, M.Alvarado, E.Tuffendsam, B.Lapps",32,30,12,2020-02-22
Yellow Hearts,Ant Saunders,A.Saunders,35,32,8,2020-02-22
SUGAR,BrockHampton,"Jabari Manwa, R.Hemnani",34,34,5,2020-02-22
To Die For,Sam Smith,"StarGate, Jimmy Napes",-,35,1,2020-02-22
Ride It.,Regard,Regard,37,36,3,2020-02-22
Teeth,5 Seconds Of Summer,"Andrew Watt, L.Bell",23,21,18,2020-02-22
Sad Tonight,Chelsea Cutler,(),39,38,3,2020-02-22
Make It Right,BTS Featuring Lauv,FRED,27,24,15,2020-02-22
No Judgement,Niall Horan,"J.Bunetta, T.Jesso Jr.",-,40,1,2020-02-22
Don't Start Now,Dua Lipa,I.Kirkpatrick,2,1,16,2020-02-29
Circles,Post Malone,"Post Malone, Frank Dukes, L.Bell",1,1,26,2020-02-29
Roxanne,Arizona Zervas,"94Skrt, JaeGreen",4,3,14,2020-02-29
Memories,Maroon 5,"A.Levine, The Monsters & Strangerz",3,1,23,2020-02-29
Hot Girl Bummer,blackbear,"A.M.Goldstein, blackbear",6,5,17,2020-02-29
Heartless,The Weeknd,"Metro Boomin, The Weeknd, Illangelo, Dre Moon",8,6,13,2020-02-29
Dance Monkey,Tones And I,K.Kersting,7,6,18,2020-02-29
Lose You To Love Me,Selena Gomez,Mattman & Robin,5,2,18,2020-02-29
Everything I Wanted,Billie Eilish,Finneas,9,9,13,2020-02-29
Adore You,Harry Styles,"Kid Harpoon, T.Johnson",12,10,12,2020-02-29
Someone You Loved,Lewis Capaldi,TMS,11,1,36,2020-02-29
Blinding Lights,The Weeknd,"Max Martin, O.T.Holter, The Weeknd",13,12,10,2020-02-29
Good As Hell,Lizzo,Ricky Reed,10,1,24,2020-02-29
My Oh My,Camila Cabello Featuring DaBaby,Frank Dukes,15,14,9,2020-02-29
What A Man Gotta Do,Jonas Brothers,"D.Stewart, R.B.Tedder",14,14,6,2020-02-29
You Should Be Sad,Halsey,G.Kurstin,17,16,6,2020-02-29
Intentions,Justin Bieber Featuring Quavo,"Poo Bear, The Audibles",21,17,3,2020-02-29
Rare,Selena Gomez,"Sir Nolan, Simon Says",20,18,4,2020-02-29
RITMO (Bad Boys For Life),The Black Eyed Peas X J Balvin,"will.i.am, K.Harris",19,19,12,2020-02-29
Know Your Worth,Khalid x Disclosure,Disclosure,25,20,3,2020-02-29
"10,000 Hours",Dan + Shay & Justin Bieber,D.Smyers,18,9,20,2020-02-29
South Of The Border,Ed Sheeran Featuring Camila Cabello & Cardi B,"E.Sheeran, FRED, Steve Mac",16,16,11,2020-02-29
Falling,Trevor Daniel,"KC Supreme, Charlie Handsome, Taz Taylor",23,22,7,2020-02-29
Cuz I Love You,Lizzo,X Ambassadors,22,22,4,2020-02-29
The Man,Taylor Swift,"J.Little, T.Swift",24,24,4,2020-02-29
Say So,Doja Cat,TYSON TRAX,31,26,3,2020-02-29
The Box,Roddy Ricch,30Roc,28,27,5,2020-02-29
Before You Go,Lewis Capaldi,TMS,29,28,7,2020-02-29
Underdog,Alicia Keys,"J.McDaid, Alicia Keys",30,27,7,2020-02-29
To Die For,Sam Smith,"StarGate, Jimmy Napes",35,30,2,2020-02-29
HIGHEST IN THE ROOM,Travis Scott,"OZ, Nik D, M.G.Dean",26,21,15,2020-02-29
Make You Mine,Public,"J.Vaughn, M.Alvarado, E.Tuffendsam, B.Lapps",32,30,13,2020-02-29
SUGAR,BrockHampton,"Jabari Manwa, R.Hemnani",34,33,6,2020-02-29
Yellow Hearts,Ant Saunders,A.Saunders,33,32,9,2020-02-29
Ride It.,Regard,Regard,36,35,4,2020-02-29
No Judgement,Niall Horan,"J.Bunetta, T.Jesso Jr.",40,36,2,2020-02-29
Yummy,Justin Bieber,"Kid Culture, Poo Bear, S.Sirota",27,11,8,2020-02-29
Sad Tonight,Chelsea Cutler,(),38,38,4,2020-02-29
Loco Contigo,"DJ Snake, J. Balvin & Tyga",DJ Snake,-,39,1,2020-02-29
Teeth,5 Seconds Of Summer,"Andrew Watt, L.Bell",37,21,19,2020-02-29
Don't Start Now,Dua Lipa,I.Kirkpatrick,1,1,17,2020-03-07
Circles,Post Malone,"Post Malone, Frank Dukes, L.Bell",2,1,27,2020-03-07
Roxanne,Arizona Zervas,"94Skrt, JaeGreen",3,3,15,2020-03-07
Hot Girl Bummer,blackbear,"A.M.Goldstein, blackbear",5,4,18,2020-03-07
Heartless,The Weeknd,"Metro Boomin, The Weeknd, Illangelo, Dre Moon",6,5,14,2020-03-07
Dance Monkey,Tones And I,K.Kersting,7,6,19,2020-03-07
Memories,Maroon 5,"A.Levine, The Monsters & Strangerz",4,1,24,2020-03-07
Everything I Wanted,Billie Eilish,Finneas,9,8,14,2020-03-07
Adore You,Harry Styles,"Kid Harpoon, T.Johnson",10,9,13,2020-03-07
Lose You To Love Me,Selena Gomez,Mattman & Robin,8,2,19,2020-03-07
Blinding Lights,The Weeknd,"Max Martin, O.T.Holter, The Weeknd",12,11,11,2020-03-07
My Oh My,Camila Cabello Featuring DaBaby,Frank Dukes,14,12,10,2020-03-07
Someone You Loved,Lewis Capaldi,TMS,11,1,37,2020-03-07
What A Man Gotta Do,Jonas Brothers,"D.Stewart, R.B.Tedder",15,14,7,2020-03-07
Good As Hell,Lizzo,Ricky Reed,13,1,25,2020-03-07
You Should Be Sad,Halsey,G.Kurstin,16,16,7,2020-03-07
Intentions,Justin Bieber Featuring Quavo,"Poo Bear, The Audibles",17,17,4,2020-03-07
Rare,Selena Gomez,"Sir Nolan, Simon Says",18,18,5,2020-03-07
RITMO (Bad Boys For Life),The Black Eyed Peas X J Balvin,"will.i.am, K.Harris",19,19,13,2020-03-07
Know Your Worth,Khalid x Disclosure,Disclosure,20,20,4,2020-03-07
Falling,Trevor Daniel,"KC Supreme, Charlie Handsome, Taz Taylor",23,21,8,2020-03-07
Cuz I Love You,Lizzo,X Ambassadors,24,22,5,2020-03-07
Say So,Doja Cat,TYSON TRAX,26,23,4,2020-03-07
The Man,Taylor Swift,"J.Little, T.Swift",25,24,5,2020-03-07
The Box,Roddy Ricch,30Roc,27,25,6,2020-03-07
To Die For,Sam Smith,"StarGate, Jimmy Napes",30,26,3,2020-03-07
The Other Side,SZA X Justin Timberlake,"J.Timberlake, L.Goransson",-,27,1,2020-03-07
Stupid Love,Lady Gaga,"BloodPop, Tchami, Max Martin",-,28,1,2020-03-07
Before You Go,Lewis Capaldi,TMS,28,28,8,2020-03-07
Underdog,Alicia Keys,"J.McDaid, Alicia Keys",29,27,8,2020-03-07
South Of The Border,Ed Sheeran Featuring Camila Cabello & Cardi B,"E.Sheeran, FRED, Steve Mac",22,16,12,2020-03-07
Ride It.,Regard,Regard,35,32,5,2020-03-07
Make You Mine,Public,"J.Vaughn, M.Alvarado, E.Tuffendsam, B.Lapps",32,30,14,2020-03-07
SUGAR,BrockHampton,"Jabari Manwa, R.Hemnani",33,33,7,2020-03-07
No Judgement,Niall Horan,"J.Bunetta, T.Jesso Jr.",36,35,3,2020-03-07
Sad Tonight,Chelsea Cutler,(),38,36,5,2020-03-07
Yellow Hearts,Ant Saunders,A.Saunders,34,32,10,2020-03-07
HIGHEST IN THE ROOM,Travis Scott,"OZ, Nik D, M.G.Dean",31,21,16,2020-03-07
The Bones,Maren Morris,G.Kurstin,-,39,1,2020-03-07
Loco Contigo,"DJ Snake, J. Balvin & Tyga",DJ Snake,39,39,2,2020-03-07
Don't Start Now,Dua Lipa,I.Kirkpatrick,1,1,18,2020-03-14
Roxanne,Arizona Zervas,"94Skrt, JaeGreen",3,2,16,2020-03-14
Hot Girl Bummer,blackbear,"A.M.Goldstein, blackbear",4,3,19,2020-03-14
Circles,Post Malone,"Post Malone, Frank Dukes, L.Bell",2,1,28,2020-03-14
Heartless,The Weeknd,"Metro Boomin, The Weeknd, Illangelo, Dre Moon",5,5,15,2020-03-14
Dance Monkey,Tones And I,K.Kersting,6,6,20,2020-03-14
Everything I Wanted,Billie Eilish,Finneas,8,7,15,2020-03-14
Adore You,Harry Styles,"Kid Harpoon, T.Johnson",9,8,14,2020-03-14
Memories,Maroon 5,"A.Levine, The Monsters & Strangerz",7,1,25,2020-03-14
Blinding Lights,The Weeknd,"Max Martin, O.T.Holter, The Weeknd",11,10,12,2020-03-14
My Oh My,Camila Cabello Featuring DaBaby,Frank Dukes,12,11,11,2020-03-14
Lose You To Love Me,Selena Gomez,Mattman & Robin,10,2,20,2020-03-14
Intentions,Justin Bieber Featuring Quavo,"Poo Bear, The Audibles",17,13,5,2020-03-14
Someone You Loved,Lewis Capaldi,TMS,13,1,38,2020-03-14
What A Man Gotta Do,Jonas Brothers,"D.Stewart, R.B.Tedder",14,14,8,2020-03-14
You Should Be Sad,Halsey,G.Kurstin,16,16,8,2020-03-14
RITMO (Bad Boys For Life),The Black Eyed Peas X J Balvin,"will.i.am, K.Harris",19,17,14,2020-03-14
Rare,Selena Gomez,"Sir Nolan, Simon Says",18,18,6,2020-03-14
Know Your Worth,Khalid x Disclosure,Disclosure,20,19,5,2020-03-14
Say So,Doja Cat,TYSON TRAX,23,20,5,2020-03-14
Stupid Love,Lady Gaga,"BloodPop, Tchami, Max Martin",28,21,2,2020-03-14
Falling,Trevor Daniel,"KC Supreme, Charlie Handsome, Taz Taylor",21,21,9,2020-03-14
The Other Side,SZA X Justin Timberlake,"J.Timberlake, L.Goransson",27,23,2,2020-03-14
The Man,Taylor Swift,"J.Little, T.Swift",24,24,6,2020-03-14
Cuz I Love You,Lizzo,X Ambassadors,22,22,6,2020-03-14
The Box,Roddy Ricch,30Roc,25,25,7,2020-03-14
To Die For,Sam Smith,"StarGate, Jimmy Napes",26,26,4,2020-03-14
Before You Go,Lewis Capaldi,TMS,29,28,9,2020-03-14
I Love Me,Demi Lovato,"Oakwud, Ten4, Alex Nice",-,29,1,2020-03-14
Ride It.,Regard,Regard,32,30,6,2020-03-14
SUGAR,BrockHampton,"Jabari Manwa, R.Hemnani",34,31,8,2020-03-14
Make You Mine,Public,"J.Vaughn, M.Alvarado, E.Tuffendsam, B.Lapps",33,30,15,2020-03-14
No Judgement,Niall Horan,"J.Bunetta, T.Jesso Jr.",35,33,4,2020-03-14
Sad Tonight,Chelsea Cutler,(),36,34,6,2020-03-14
The Bones,Maren Morris,G.Kurstin,39,35,2,2020-03-14
Underdog,Alicia Keys,"J.McDaid, Alicia Keys",30,27,9,2020-03-14
Loco Contigo,"DJ Snake, J. Balvin & Tyga",DJ Snake,40,37,3,2020-03-14
South Of The Border,Ed Sheeran Featuring Camila Cabello & Cardi B,"E.Sheeran, FRED, Steve Mac",31,16,13,2020-03-14
Modern Loneliness,Lauv,(),-,39,1,2020-03-14
Nice To Meet Ya,Meghan Trainor Featuring Nicki Minaj,Ojivolta,-,40,1,2020-03-14
Don't Start Now,Dua Lipa,I.Kirkpatrick,1,1,19,2020-03-21
Roxanne,Arizona Zervas,"94Skrt, JaeGreen",2,2,17,2020-03-21
Hot Girl Bummer,blackbear,"A.M.Goldstein, blackbear",3,3,20,2020-03-21
Circles,Post Malone,"Post Malone, Frank Dukes, L.Bell",4,1,29,2020-03-21
Heartless,The Weeknd,"Metro Boomin, The Weeknd, Illangelo, Dre Moon",5,5,16,2020-03-21
Adore You,Harry Styles,"Kid Harpoon, T.Johnson",8,6,15,2020-03-21
Everything I Wanted,Billie Eilish,Finneas,7,7,16,2020-03-21
Blinding Lights,The Weeknd,"Max Martin, O.T.Holter, The Weeknd",10,8,13,2020-03-21
My Oh My,Camila Cabello Featuring DaBaby,Frank Dukes,11,9,12,2020-03-21
Dance Monkey,Tones And I,K.Kersting,6,6,21,2020-03-21
Memories,Maroon 5,"A.Levine, The Monsters & Strangerz",9,1,26,2020-03-21
Intentions,Justin Bieber Featuring Quavo,"Poo Bear, The Audibles",13,12,6,2020-03-21
You Should Be Sad,Halsey,G.Kurstin,16,13,9,2020-03-21
Say So,Doja Cat,TYSON TRAX,20,14,6,2020-03-21
RITMO (Bad Boys For Life),The Black Eyed Peas X J Balvin,"will.i.am, K.Harris",17,15,15,2020-03-21
Stupid Love,Lady Gaga,"BloodPop, Tchami, Max Martin",21,16,3,2020-03-21
Rare,Selena Gomez,"Sir Nolan, Simon Says",18,17,7,2020-03-21
Know Your Worth,Khalid x Disclosure,Disclosure,19,18,6,2020-03-21
The Other Side,SZA X Justin Timberlake,"J.Timberlake, L.Goransson",23,19,3,2020-03-21
Falling,Trevor Daniel,"KC Supreme, Charlie Handsome, Taz Taylor",22,20,10,2020-03-21
What A Man Gotta Do,Jonas Brothers,"D.Stewart, R.B.Tedder",15,14,9,2020-03-21
The Box,Roddy Ricch,30Roc,26,22,8,2020-03-21
I Love Me,Demi Lovato,"Oakwud, Ten4, Alex Nice",29,23,2,2020-03-21
The Man,Taylor Swift,"J.Little, T.Swift",24,24,7,2020-03-21
To Die For,Sam Smith,"StarGate, Jimmy Napes",27,25,5,2020-03-21
Before You Go,Lewis Capaldi,TMS,28,26,10,2020-03-21
Ride It.,Regard,Regard,30,27,7,2020-03-21
SUGAR,BrockHampton,"Jabari Manwa, R.Hemnani",31,28,9,2020-03-21
Make You Mine,Public,"J.Vaughn, M.Alvarado, E.Tuffendsam, B.Lapps",32,29,16,2020-03-21
No Judgement,Niall Horan,"J.Bunetta, T.Jesso Jr.",33,30,5,2020-03-21
Cuz I Love You,Lizzo,X Ambassadors,25,22,7,2020-03-21
Sad Tonight,Chelsea Cutler,(),34,32,7,2020-03-21
Modern Loneliness,Lauv,(),39,33,2,2020-03-21
The Bones,Maren Morris,G.Kurstin,35,34,3,2020-03-21
Loco Contigo,"DJ Snake, J. Balvin & Tyga",DJ Snake,37,35,4,2020-03-21
Sunday Best,Surfaces,"F.Frank, C.Padalecki",-,36,1,2020-03-21
Nice To Meet Ya,Meghan Trainor Featuring Nicki Minaj,Ojivolta,40,37,2,2020-03-21
What If I Told You That I Love You,Ali Gatie,"A.Gatie, Sam Wish, Danny Boy",-,38,1,2020-03-21
Life Is Good,Future Featuring Drake,"OZ, D.Hill",-,39,1,2020-03-21
July,Noah Cyrus & Leon Bridges,M.Sonier,-,40,1,2020-03-21
Don't Start Now,Dua Lipa,I.Kirkpatrick,1,1,20,2020-03-28
Hot Girl Bummer,blackbear,"A.M.Goldstein, blackbear",3,2,21,2020-03-28
Adore You,Harry Styles,"Kid Harpoon, T.Johnson",6,3,16,2020-03-28
Roxanne,Arizona Zervas,"94Skrt, JaeGreen",2,2,18,2020-03-28
Circles,Post Malone,"Post Malone, Frank Dukes, L.Bell",4,1,30,2020-03-28
Blinding Lights,The Weeknd,"Max Martin, O.T.Holter, The Weeknd",8,6,14,2020-03-28
Heartless,The Weeknd,"Metro Boomin, The Weeknd, Illangelo, Dre Moon",5,5,17,2020-03-28
Everything I Wanted,Billie Eilish,Finneas,7,7,17,2020-03-28
My Oh My,Camila Cabello Featuring DaBaby,Frank Dukes,9,9,13,2020-03-28
Intentions,Justin Bieber Featuring Quavo,"Poo Bear, The Audibles",12,10,7,2020-03-28
Say So,Doja Cat,TYSON TRAX,14,11,7,2020-03-28
Memories,Maroon 5,"A.Levine, The Monsters & Strangerz",11,1,27,2020-03-28
Dance Monkey,Tones And I,K.Kersting,10,6,22,2020-03-28
RITMO (Bad Boys For Life),The Black Eyed Peas X J Balvin,"will.i.am, K.Harris",15,14,16,2020-03-28
Stupid Love,Lady Gaga,"BloodPop, Tchami, Max Martin",16,15,4,2020-03-28
You Should Be Sad,Halsey,G.Kurstin,13,13,10,2020-03-28
Rare,Selena Gomez,"Sir Nolan, Simon Says",17,17,8,2020-03-28
I Love Me,Demi Lovato,"Oakwud, Ten4, Alex Nice",23,18,3,2020-03-28
Know Your Worth,Khalid x Disclosure,Disclosure,18,18,7,2020-03-28
The Other Side,SZA X Justin Timberlake,"J.Timberlake, L.Goransson",19,19,4,2020-03-28
Falling,Trevor Daniel,"KC Supreme, Charlie Handsome, Taz Taylor",20,20,11,2020-03-28
The Box,Roddy Ricch,30Roc,22,22,9,2020-03-28
The Man,Taylor Swift,"J.Little, T.Swift",24,23,8,2020-03-28
To Die For,Sam Smith,"StarGate, Jimmy Napes",25,24,6,2020-03-28
What A Man Gotta Do,Jonas Brothers,"D.Stewart, R.B.Tedder",21,14,10,2020-03-28
Before You Go,Lewis Capaldi,TMS,26,26,11,2020-03-28
Ride It.,Regard,Regard,27,27,8,2020-03-28
Modern Loneliness,Lauv,(),33,28,3,2020-03-28
SUGAR,BrockHampton,"Jabari Manwa, R.Hemnani",28,28,10,2020-03-28
The Bones,Maren Morris,G.Kurstin,34,30,4,2020-03-28
No Judgement,Niall Horan,"J.Bunetta, T.Jesso Jr.",30,30,6,2020-03-28
Sunday Best,Surfaces,"F.Frank, C.Padalecki",36,32,2,2020-03-28
Make You Mine,Public,"J.Vaughn, M.Alvarado, E.Tuffendsam, B.Lapps",29,29,17,2020-03-28
Sad Tonight,Chelsea Cutler,(),32,32,8,2020-03-28
Life Is Good,Future Featuring Drake,"OZ, D.Hill",39,35,2,2020-03-28
What If I Told You That I Love You,Ali Gatie,"A.Gatie, Sam Wish, Danny Boy",38,36,2,2020-03-28
Loco Contigo,"DJ Snake, J. Balvin & Tyga",DJ Snake,35,35,5,2020-03-28
Nice To Meet Ya,Meghan Trainor Featuring Nicki Minaj,Ojivolta,37,37,3,2020-03-28
July,Noah Cyrus & Leon Bridges,M.Sonier,40,39,2,2020-03-28
YOU CAN'T HOLD MY HEART,MONSTA X,(),-,40,1,2020-03-28
Don't Start Now,Dua Lipa,I.Kirkpatrick,1,1,21,2020-04-04
Hot Girl Bummer,blackbear,"A.M.Goldstein, blackbear",2,2,22,2020-04-04
Adore You,Harry Styles,"Kid Harpoon, T.Johnson",3,3,17,2020-04-04
Blinding Lights,The Weeknd,"Max Martin, O.T.Holter, The Weeknd",6,4,15,2020-04-04
Everything I Wanted,Billie Eilish,Finneas,8,5,18,2020-04-04
Circles,Post Malone,"Post Malone, Frank Dukes, L.Bell",5,1,31,2020-04-04
My Oh My,Camila Cabello Featuring DaBaby,Frank Dukes,9,7,14,2020-04-04
Roxanne,Arizona Zervas,"94Skrt, JaeGreen",4,2,19,2020-04-04
Heartless,The Weeknd,"Metro Boomin, The Weeknd, Illangelo, Dre Moon",7,5,18,2020-04-04
Say So,Doja Cat,TYSON TRAX,11,10,8,2020-04-04
Intentions,Justin Bieber Featuring Quavo,"Poo Bear, The Audibles",10,10,8,2020-04-04
RITMO (Bad Boys For Life),The Black Eyed Peas X J Balvin,"will.i.am, K.Harris",14,12,17,2020-04-04
Stupid Love,Lady Gaga,"BloodPop, Tchami, Max Martin",15,13,5,2020-04-04
Memories,Maroon 5,"A.Levine, The Monsters & Strangerz",12,1,28,2020-04-04
You Should Be Sad,Halsey,G.Kurstin,16,13,11,2020-04-04
I Love Me,Demi Lovato,"Oakwud, Ten4, Alex Nice",18,16,4,2020-04-04
The Other Side,SZA X Justin Timberlake,"J.Timberlake, L.Goransson",20,17,5,2020-04-04
Know Your Worth,Khalid x Disclosure,Disclosure,19,18,8,2020-04-04
Falling,Trevor Daniel,"KC Supreme, Charlie Handsome, Taz Taylor",21,19,12,2020-04-04
The Box,Roddy Ricch,30Roc,22,20,10,2020-04-04
The Man,Taylor Swift,"J.Little, T.Swift",23,21,9,2020-04-04
Rare,Selena Gomez,"Sir Nolan, Simon Says",17,17,9,2020-04-04
To Die For,Sam Smith,"StarGate, Jimmy Napes",24,23,7,2020-04-04
Ride It.,Regard,Regard,27,24,9,2020-04-04
Before You Go,Lewis Capaldi,TMS,26,25,12,2020-04-04
Modern Loneliness,Lauv,(),28,26,4,2020-04-04
The Bones,Maren Morris,G.Kurstin,30,27,5,2020-04-04
Sunday Best,Surfaces,"F.Frank, C.Padalecki",32,28,3,2020-04-04
What A Man Gotta Do,Jonas Brothers,"D.Stewart, R.B.Tedder",25,14,11,2020-04-04
SUGAR,BrockHampton,"Jabari Manwa, R.Hemnani",29,28,11,2020-04-04
No Judgement,Niall Horan,"J.Bunetta, T.Jesso Jr.",31,30,7,2020-04-04
In Your Eyes,The Weeknd,"Max Martin, O.T.Holter, The Weeknd",-,32,1,2020-04-04
Sad Tonight,Chelsea Cutler,(),34,32,9,2020-04-04
Make You Mine,Public,"J.Vaughn, M.Alvarado, E.Tuffendsam, B.Lapps",33,29,18,2020-04-04
Life Is Good,Future Featuring Drake,"OZ, D.Hill",35,35,3,2020-04-04
Supalonely,BENEE Featuring Gus Dapperton,J.M.Fountain,-,36,1,2020-04-04
Break My Heart,Dua Lipa,"Andrew Watt, The Monsters & Strangerz",-,37,1,2020-04-04
What If I Told You That I Love You,Ali Gatie,"A.Gatie, Sam Wish, Danny Boy",36,36,3,2020-04-04
Nice To Meet Ya,Meghan Trainor Featuring Nicki Minaj,Ojivolta,38,37,4,2020-04-04
July,Noah Cyrus & Leon Bridges,M.Sonier,39,39,3,2020-04-04
Adore You,Harry Styles,"Kid Harpoon, T.Johnson",3,1,18,2020-04-11
Blinding Lights,The Weeknd,"Max Martin, O.T.Holter, The Weeknd",4,2,16,2020-04-11
Don't Start Now,Dua Lipa,I.Kirkpatrick,1,1,22,2020-04-11
Hot Girl Bummer,blackbear,"A.M.Goldstein, blackbear",2,2,23,2020-04-11
My Oh My,Camila Cabello Featuring DaBaby,Frank Dukes,7,5,15,2020-04-11
Everything I Wanted,Billie Eilish,Finneas,5,5,19,2020-04-11
Circles,Post Malone,"Post Malone, Frank Dukes, L.Bell",6,1,32,2020-04-11
Say So,Doja Cat,TYSON TRAX,10,8,9,2020-04-11
Intentions,Justin Bieber Featuring Quavo,"Poo Bear, The Audibles",11,9,9,2020-04-11
Roxanne,Arizona Zervas,"94Skrt, JaeGreen",8,2,20,2020-04-11
RITMO (Bad Boys For Life),The Black Eyed Peas X J Balvin,"will.i.am, K.Harris",12,11,18,2020-04-11
Heartless,The Weeknd,"Metro Boomin, The Weeknd, Illangelo, Dre Moon",9,5,19,2020-04-11
Stupid Love,Lady Gaga,"BloodPop, Tchami, Max Martin",13,13,6,2020-04-11
Memories,Maroon 5,"A.Levine, The Monsters & Strangerz",14,1,29,2020-04-11
You Should Be Sad,Halsey,G.Kurstin,15,13,12,2020-04-11
I Love Me,Demi Lovato,"Oakwud, Ten4, Alex Nice",16,16,5,2020-04-11
Falling,Trevor Daniel,"KC Supreme, Charlie Handsome, Taz Taylor",19,17,13,2020-04-11
The Box,Roddy Ricch,30Roc,20,18,11,2020-04-11
The Other Side,SZA X Justin Timberlake,"J.Timberlake, L.Goransson",17,17,6,2020-04-11
Know Your Worth,Khalid x Disclosure,Disclosure,18,18,9,2020-04-11
Break My Heart,Dua Lipa,"Andrew Watt, The Monsters & Strangerz",37,21,2,2020-04-11
The Man,Taylor Swift,"J.Little, T.Swift",21,21,10,2020-04-11
Ride It.,Regard,Regard,24,23,10,2020-04-11
Sunday Best,Surfaces,"F.Frank, C.Padalecki",28,24,4,2020-04-11
Modern Loneliness,Lauv,(),26,25,5,2020-04-11
Before You Go,Lewis Capaldi,TMS,25,25,13,2020-04-11
The Bones,Maren Morris,G.Kurstin,27,27,6,2020-04-11
In Your Eyes,The Weeknd,"Max Martin, O.T.Holter, The Weeknd",32,28,2,2020-04-11
Supalonely,BENEE Featuring Gus Dapperton,J.M.Fountain,36,29,2,2020-04-11
SUGAR,BrockHampton,"Jabari Manwa, R.Hemnani",30,28,12,2020-04-11
Toosie Slide,Drake,OZ,-,31,1,2020-04-11
To Die For,Sam Smith,"StarGate, Jimmy Napes",23,23,8,2020-04-11
Life Is Good,Future Featuring Drake,"OZ, D.Hill",35,33,4,2020-04-11
Rare,Selena Gomez,"Sir Nolan, Simon Says",22,17,10,2020-04-11
Old Me,5 Seconds Of Summer,(),-,35,1,2020-04-11
Nice To Meet Ya,Meghan Trainor Featuring Nicki Minaj,Ojivolta,39,36,5,2020-04-11
What If I Told You That I Love You,Ali Gatie,"A.Gatie, Sam Wish, Danny Boy",38,36,4,2020-04-11
What A Man Gotta Do,Jonas Brothers,"D.Stewart, R.B.Tedder",29,14,12,2020-04-11
Roses,SAINt JHN,f a l l e n,-,39,1,2020-04-11
Baby Girl,Bryce Vine,(),-,40,1,2020-04-11
Blinding Lights,The Weeknd,"Max Martin, O.T.Holter, The Weeknd",2,1,17,2020-04-18
Adore You,Harry Styles,"Kid Harpoon, T.Johnson",1,1,19,2020-04-18
Don't Start Now,Dua Lipa,I.Kirkpatrick,3,1,23,2020-04-18
My Oh My,Camila Cabello Featuring DaBaby,Frank Dukes,5,4,16,2020-04-18
Everything I Wanted,Billie Eilish,Finneas,6,5,20,2020-04-18
Say So,Doja Cat,TYSON TRAX,8,6,10,2020-04-18
Hot Girl Bummer,blackbear,"A.M.Goldstein, blackbear",4,2,24,2020-04-18
Intentions,Justin Bieber Featuring Quavo,"Poo Bear, The Audibles",9,8,10,2020-04-18
Circles,Post Malone,"Post Malone, Frank Dukes, L.Bell",7,1,33,2020-04-18
RITMO (Bad Boys For Life),The Black Eyed Peas X J Balvin,"will.i.am, K.Harris",11,10,19,2020-04-18
Stupid Love,Lady Gaga,"BloodPop, Tchami, Max Martin",13,11,7,2020-04-18
I Love Me,Demi Lovato,"Oakwud, Ten4, Alex Nice",16,12,6,2020-04-18
Heartless,The Weeknd,"Metro Boomin, The Weeknd, Illangelo, Dre Moon",12,5,20,2020-04-18
Roxanne,Arizona Zervas,"94Skrt, JaeGreen",10,2,21,2020-04-18
Falling,Trevor Daniel,"KC Supreme, Charlie Handsome, Taz Taylor",17,15,14,2020-04-18
The Box,Roddy Ricch,30Roc,18,16,12,2020-04-18
Break My Heart,Dua Lipa,"Andrew Watt, The Monsters & Strangerz",21,17,3,2020-04-18
The Other Side,SZA X Justin Timberlake,"J.Timberlake, L.Goransson",19,17,7,2020-04-18
Ride It.,Regard,Regard,23,19,11,2020-04-18
The Man,Taylor Swift,"J.Little, T.Swift",22,20,11,2020-04-18
Sunday Best,Surfaces,"F.Frank, C.Padalecki",24,21,5,2020-04-18
The Bones,Maren Morris,G.Kurstin,27,22,7,2020-04-18
Modern Loneliness,Lauv,(),25,23,6,2020-04-18
You Should Be Sad,Halsey,G.Kurstin,15,13,13,2020-04-18
In Your Eyes,The Weeknd,"Max Martin, O.T.Holter, The Weeknd",28,25,3,2020-04-18
Before You Go,Lewis Capaldi,TMS,26,25,14,2020-04-18
Toosie Slide,Drake,OZ,31,27,2,2020-04-18
Supalonely,BENEE Featuring Gus Dapperton,J.M.Fountain,29,28,3,2020-04-18
Know Your Worth,Khalid x Disclosure,Disclosure,20,18,10,2020-04-18
SUGAR,BrockHampton,"Jabari Manwa, R.Hemnani",30,28,13,2020-04-18
Life Is Good,Future Featuring Drake,"OZ, D.Hill",33,31,5,2020-04-18
Old Me,5 Seconds Of Summer,(),35,32,2,2020-04-18
Roses,SAINt JHN,f a l l e n,39,33,2,2020-04-18
What If I Told You That I Love You,Ali Gatie,"A.Gatie, Sam Wish, Danny Boy",37,34,5,2020-04-18
Level Of Concern,twenty one pilots,"T.Joseph, P.Meany",-,35,1,2020-04-18
Nice To Meet Ya,Meghan Trainor Featuring Nicki Minaj,Ojivolta,36,36,6,2020-04-18
Death Bed,Powfu Featuring beabadoobee,Otterpop,-,37,1,2020-04-18
Baby Girl,Bryce Vine,(),40,38,2,2020-04-18
July,Noah Cyrus & Leon Bridges,M.Sonier,-,39,4,2020-04-18
Worry About Me,Ellie Goulding Featuring blackbear,(),-,40,1,2020-04-18
Blinding Lights,The Weeknd,"Max Martin, O.T.Holter, The Weeknd",1,1,18,2020-04-25
My Oh My,Camila Cabello Featuring DaBaby,Frank Dukes,4,2,17,2020-04-25
Adore You,Harry Styles,"Kid Harpoon, T.Johnson",2,1,20,2020-04-25
Don't Start Now,Dua Lipa,I.Kirkpatrick,3,1,24,2020-04-25
Say So,Doja Cat,TYSON TRAX,6,5,11,2020-04-25
Everything I Wanted,Billie Eilish,Finneas,5,5,21,2020-04-25
Intentions,Justin Bieber Featuring Quavo,"Poo Bear, The Audibles",8,7,11,2020-04-25
Hot Girl Bummer,blackbear,"A.M.Goldstein, blackbear",7,2,25,2020-04-25
Circles,Post Malone,"Post Malone, Frank Dukes, L.Bell",9,1,34,2020-04-25
RITMO (Bad Boys For Life),The Black Eyed Peas X J Balvin,"will.i.am, K.Harris",10,10,20,2020-04-25
Stupid Love,Lady Gaga,"BloodPop, Tchami, Max Martin",11,11,8,2020-04-25
Falling,Trevor Daniel,"KC Supreme, Charlie Handsome, Taz Taylor",15,12,15,2020-04-25
The Box,Roddy Ricch,30Roc,16,13,13,2020-04-25
I Love Me,Demi Lovato,"Oakwud, Ten4, Alex Nice",12,12,7,2020-04-25
Break My Heart,Dua Lipa,"Andrew Watt, The Monsters & Strangerz",17,15,4,2020-04-25
Toosie Slide,Drake,OZ,27,16,3,2020-04-25
Ride It.,Regard,Regard,19,17,12,2020-04-25
Sunday Best,Surfaces,"F.Frank, C.Padalecki",21,18,6,2020-04-25
The Bones,Maren Morris,G.Kurstin,22,19,8,2020-04-25
In Your Eyes,The Weeknd,"Max Martin, O.T.Holter, The Weeknd",25,20,4,2020-04-25
Before You Go,Lewis Capaldi,TMS,26,21,15,2020-04-25
Supalonely,BENEE Featuring Gus Dapperton,J.M.Fountain,28,22,4,2020-04-25
Modern Loneliness,Lauv,(),23,23,7,2020-04-25
The Man,Taylor Swift,"J.Little, T.Swift",20,20,12,2020-04-25
The Other Side,SZA X Justin Timberlake,"J.Timberlake, L.Goransson",18,17,8,2020-04-25
Level Of Concern,twenty one pilots,"T.Joseph, P.Meany",35,26,2,2020-04-25
Roses,SAINt JHN,f a l l e n,33,27,3,2020-04-25
Death Bed,Powfu Featuring beabadoobee,Otterpop,37,28,2,2020-04-25
Life Is Good,Future Featuring Drake,"OZ, D.Hill",31,29,6,2020-04-25
Old Me,5 Seconds Of Summer,(),32,30,3,2020-04-25
SUGAR,BrockHampton,"Jabari Manwa, R.Hemnani",30,28,14,2020-04-25
Nice To Meet Ya,Meghan Trainor Featuring Nicki Minaj,Ojivolta,36,32,7,2020-04-25
What If I Told You That I Love You,Ali Gatie,"A.Gatie, Sam Wish, Danny Boy",34,33,6,2020-04-25
You Should Be Sad,Halsey,G.Kurstin,24,13,14,2020-04-25
Baby Girl,Bryce Vine,(),38,35,3,2020-04-25
Worry About Me,Ellie Goulding Featuring blackbear,(),40,36,2,2020-04-25
Young & Alive,Bazzi,(),-,37,1,2020-04-25
July,Noah Cyrus & Leon Bridges,M.Sonier,39,38,5,2020-04-25
Know Your Worth,Khalid x Disclosure,Disclosure,29,18,11,2020-04-25
Heartless,Diplo Presents Thomas Wesley Featuring Morgan Wallen,"Diplo, King Henry, Charlie Handsome, J.Moi",-,40,1,2020-04-25
Blinding Lights,The Weeknd,"Max Martin, O.T.Holter, The Weeknd",1,1,19,2020-05-02
My Oh My,Camila Cabello Featuring DaBaby,Frank Dukes,2,2,18,2020-05-02
Say So,Doja Cat,TYSON TRAX,5,3,12,2020-05-02
Don't Start Now,Dua Lipa,I.Kirkpatrick,4,1,25,2020-05-02
Adore You,Harry Styles,"Kid Harpoon, T.Johnson",3,1,21,2020-05-02
Everything I Wanted,Billie Eilish,Finneas,6,5,22,2020-05-02
Intentions,Justin Bieber Featuring Quavo,"Poo Bear, The Audibles",7,7,12,2020-05-02
Circles,Post Malone,"Post Malone, Frank Dukes, L.Bell",9,1,35,2020-05-02
Hot Girl Bummer,blackbear,"A.M.Goldstein, blackbear",8,2,26,2020-05-02
RITMO (Bad Boys For Life),The Black Eyed Peas X J Balvin,"will.i.am, K.Harris",10,10,21,2020-05-02
Falling,Trevor Daniel,"KC Supreme, Charlie Handsome, Taz Taylor",12,11,16,2020-05-02
The Box,Roddy Ricch,30Roc,13,12,14,2020-05-02
Break My Heart,Dua Lipa,"Andrew Watt, The Monsters & Strangerz",15,13,5,2020-05-02
I Love Me,Demi Lovato,"Oakwud, Ten4, Alex Nice",14,12,8,2020-05-02
Stupid Love,Lady Gaga,"BloodPop, Tchami, Max Martin",11,11,9,2020-05-02
Toosie Slide,Drake,OZ,16,16,4,2020-05-02
Sunday Best,Surfaces,"F.Frank, C.Padalecki",18,17,7,2020-05-02
Ride It.,Regard,Regard,17,17,13,2020-05-02
The Bones,Maren Morris,G.Kurstin,19,19,9,2020-05-02
Supalonely,BENEE Featuring Gus Dapperton,J.M.Fountain,22,20,5,2020-05-02
In Your Eyes,The Weeknd,"Max Martin, O.T.Holter, The Weeknd",20,20,5,2020-05-02
Before You Go,Lewis Capaldi,TMS,21,21,16,2020-05-02
Modern Loneliness,Lauv,(),23,23,8,2020-05-02
Level Of Concern,twenty one pilots,"T.Joseph, P.Meany",26,24,3,2020-05-02
Roses,SAINt JHN,f a l l e n,27,25,4,2020-05-02
Death Bed,Powfu Featuring beabadoobee,Otterpop,28,26,3,2020-05-02
I'm Ready,Sam Smith & Demi Lovato,ILYA,-,27,1,2020-05-02
Life Is Good,Future Featuring Drake,"OZ, D.Hill",29,28,7,2020-05-02
Old Me,5 Seconds Of Summer,(),30,29,4,2020-05-02
The Man,Taylor Swift,"J.Little, T.Swift",24,20,13,2020-05-02
Nice To Meet Ya,Meghan Trainor Featuring Nicki Minaj,Ojivolta,32,31,8,2020-05-02
Baby Girl,Bryce Vine,(),35,32,4,2020-05-02
Worry About Me,Ellie Goulding Featuring blackbear,(),36,33,3,2020-05-02
Young & Alive,Bazzi,(),37,34,2,2020-05-02
Heartless,Diplo Presents Thomas Wesley Featuring Morgan Wallen,"Diplo, King Henry, Charlie Handsome, J.Moi",40,35,2,2020-05-02
July,Noah Cyrus & Leon Bridges,M.Sonier,38,36,6,2020-05-02
Savage,Megan Thee Stallion Featuring Beyonce,J White Did It,-,37,1,2020-05-02
The Other Side,SZA X Justin Timberlake,"J.Timberlake, L.Goransson",25,17,9,2020-05-02
What If I Told You That I Love You,Ali Gatie,"A.Gatie, Sam Wish, Danny Boy",33,33,7,2020-05-02
You Should Be Sad,Halsey,G.Kurstin,34,13,15,2020-05-02
My Oh My,Camila Cabello Featuring DaBaby,Frank Dukes,2,1,19,2020-05-09
Blinding Lights,The Weeknd,"Max Martin, O.T.Holter, The Weeknd",1,1,20,2020-05-09
Say So,Doja Cat,TYSON TRAX,3,3,13,2020-05-09
Don't Start Now,Dua Lipa,I.Kirkpatrick,4,1,26,2020-05-09
Adore You,Harry Styles,"Kid Harpoon, T.Johnson",5,1,22,2020-05-09
Intentions,Justin Bieber Featuring Quavo,"Poo Bear, The Audibles",7,6,13,2020-05-09
Everything I Wanted,Billie Eilish,Finneas,6,5,23,2020-05-09
Circles,Post Malone,"Post Malone, Frank Dukes, L.Bell",8,1,36,2020-05-09
RITMO (Bad Boys For Life),The Black Eyed Peas X J Balvin,"will.i.am, K.Harris",10,9,22,2020-05-09
Falling,Trevor Daniel,"KC Supreme, Charlie Handsome, Taz Taylor",11,10,17,2020-05-09
Hot Girl Bummer,blackbear," A.M.Goldstein, blackbear",9,2,27,2020-05-09
Break My Heart,Dua Lipa,"Andrew Watt, The Monsters & Strangerz",13,12,6,2020-05-09
The Box,Roddy Ricch,30Roc,12,12,15,2020-05-09
Toosie Slide,Drake,OZ,16,14,5,2020-05-09
I Love Me,Demi Lovato,"Oakwud, Ten4, Alex Nice",14,12,9,2020-05-09
Sunday Best,Surfaces,"F.Frank, C.Padalecki",17,16,8,2020-05-09
The Bones,Maren Morris,G.Kurstin,19,17,10,2020-05-09
Supalonely,BENEE Featuring Gus Dapperton,J.M.Fountain,20,18,6,2020-05-09
Ride It.,Regard,Regard,18,17,14,2020-05-09
In Your Eyes,The Weeknd,"Max Martin, O.T.Holter, The Weeknd",21,20,6,2020-05-09
Roses,SAINt JHN,f a l l e n,25,21,5,2020-05-09
Before You Go,Lewis Capaldi,TMS,22,21,17,2020-05-09
Level Of Concern,twenty one pilots,"T.Joseph, P.Meany",24,23,4,2020-05-09
Modern Loneliness,Lauv,(),23,23,9,2020-05-09
Death Bed,Powfu Featuring beabadoobee,Otterpop,26,25,4,2020-05-09
I'm Ready,Sam Smith & Demi Lovato, ILYA,27,26,2,2020-05-09
Stupid Love,Lady Gaga,"BloodPop, Tchami, Max Martin",15,11,10,2020-05-09
Life Is Good,Future Featuring Drake,"OZ, D.Hill",28,28,8,2020-05-09
Old Me,5 Seconds Of Summer,(),29,29,5,2020-05-09
Nice To Meet Ya,Meghan Trainor Featuring Nicki Minaj,Ojivolta,31,30,9,2020-05-09
Savage,Megan Thee Stallion Featuring Beyonce,J White Did It,37,31,2,2020-05-09
Baby Girl,Bryce Vine,(),32,32,5,2020-05-09
Young & Alive,Bazzi,(),34,33,3,2020-05-09
Worry About Me,Ellie Goulding Featuring blackbear,(),33,33,4,2020-05-09
Heartless,Diplo Presents Thomas Wesley Featuring Morgan Wallen,"Diplo, King Henry, Charlie Handsome, J.Moi",35,35,3,2020-05-09
July,Noah Cyrus & Leon Bridges,M.Sonier,36,36,7,2020-05-09
Be Kind,Marshmello & Halsey,Marshmello,-,37,1,2020-05-09
If The World Was Ending,JP Saxe Featuring Julia Michaels,Finneas,-,38,1,2020-05-09
Believe It,PARTYNEXTDOOR & Rihanna,"Bizness BOi, Cardiak, NinetyFour",-,39,1,2020-05-09
Blueberry Faygo,Lil Mosey,Callan,-,40,1,2020-05-09
Say So,Doja Cat,TYSON TRAX,3,1,14,2020-05-16
Blinding Lights,The Weeknd,"Max Martin, O.T.Holter, The Weeknd",2,1,21,2020-05-16
My Oh My,Camila Cabello Featuring DaBaby,Frank Dukes,1,1,20,2020-05-16
Don't Start Now,Dua Lipa,I.Kirkpatrick,4,1,27,2020-05-16
Intentions,Justin Bieber Featuring Quavo,"Poo Bear, The Audibles",6,5,14,2020-05-16
Adore You,Harry Styles,"Kid Harpoon, T.Johnson",5,1,23,2020-05-16
Falling,Trevor Daniel,"KC Supreme, Charlie Handsome, Taz Taylor",10,7,18,2020-05-16
Circles,Post Malone,"Post Malone, Frank Dukes, L.Bell",8,1,37,2020-05-16
RITMO (Bad Boys For Life),The Black Eyed Peas X J Balvin,"will.i.am, K.Harris",9,9,23,2020-05-16
Everything I Wanted,Billie Eilish,Finneas,7,5,24,2020-05-16
Break My Heart,Dua Lipa,"Andrew Watt, The Monsters & Strangerz",12,11,7,2020-05-16
The Box,Roddy Ricch,30Roc,13,12,16,2020-05-16
Toosie Slide,Drake,OZ,14,13,6,2020-05-16
Hot Girl Bummer,blackbear,"A.M.Goldstein, blackbear",11,2,28,2020-05-16
Sunday Best,Surfaces,"F.Frank, C.Padalecki",16,15,9,2020-05-16
Supalonely,BENEE Featuring Gus Dapperton,J.M.Fountain,18,16,7,2020-05-16
The Bones,Maren Morris,G.Kurstin,17,17,11,2020-05-16
Ride It.,Regard,Regard,19,17,15,2020-05-16
Roses,SAINt JHN,f a l l e n,21,19,6,2020-05-16
In Your Eyes,The Weeknd,"Max Martin, O.T.Holter, The Weeknd",20,20,7,2020-05-16
Before You Go,Lewis Capaldi,TMS,22,21,18,2020-05-16
Death Bed,Powfu Featuring beabadoobee,Otterpop,25,22,5,2020-05-16
Level Of Concern,twenty one pilots,"T.Joseph, P.Meany",23,23,5,2020-05-16
I'm Ready,Sam Smith & Demi Lovato,ILYA,26,24,3,2020-05-16
I Love Me,Demi Lovato,"Oakwud, Ten4, Alex Nice",15,12,10,2020-05-16
Be Kind,Marshmello & Halsey,Marshmello,37,26,2,2020-05-16
Modern Loneliness,Lauv,(),24,23,10,2020-05-16
Stuck With U,Ariana Grande & Justin Bieber,G.M.Stone,-,28,1,2020-05-16
Savage,Megan Thee Stallion Featuring Beyonce,J White Did It,31,29,3,2020-05-16
Old Me,5 Seconds Of Summer,(),29,29,6,2020-05-16
Life Is Good,Future Featuring Drake,"OZ, D.Hill",28,28,9,2020-05-16
Baby Girl,Bryce Vine,(),32,32,6,2020-05-16
Young & Alive,Bazzi,(),33,33,4,2020-05-16
Nice To Meet Ya,Meghan Trainor Featuring Nicki Minaj,Ojivolta,30,30,10,2020-05-16
Worry About Me,Ellie Goulding Featuring blackbear,(),34,33,5,2020-05-16
Stupid Love,Lady Gaga,"BloodPop, Tchami, Max Martin",27,11,11,2020-05-16
Heartless,Diplo Presents Thomas Wesley Featuring Morgan Wallen,"Diplo, King Henry, Charlie Handsome, J.Moi",35,35,4,2020-05-16
If The World Was Ending,JP Saxe Featuring Julia Michaels,Finneas,38,38,2,2020-05-16
July,Noah Cyrus & Leon Bridges,M.Sonier,36,36,8,2020-05-16
Blueberry Faygo,Lil Mosey,Callan,40,40,2,2020-05-16
Say So,Doja Cat,TYSON TRAX,1,1,15,2020-05-23
Blinding Lights,The Weeknd,"Max Martin, O.T.Holter, The Weeknd",2,1,22,2020-05-23
Don't Start Now,Dua Lipa,I.Kirkpatrick,4,1,28,2020-05-23
Intentions,Justin Bieber Featuring Quavo,"Poo Bear, The Audibles",5,4,15,2020-05-23
My Oh My,Camila Cabello Featuring DaBaby,Frank Dukes,3,1,21,2020-05-23
Adore You,Harry Styles,"Kid Harpoon, T.Johnson",6,1,24,2020-05-23
Falling,Trevor Daniel,"KC Supreme, Charlie Handsome, Taz Taylor",7,7,19,2020-05-23
RITMO (Bad Boys For Life),The Black Eyed Peas X J Balvin,"will.i.am, K.Harris",9,8,24,2020-05-23
Circles,Post Malone,"Post Malone, Frank Dukes, L.Bell",8,1,38,2020-05-23
Break My Heart,Dua Lipa,"Andrew Watt, The Monsters & Strangerz",11,10,8,2020-05-23
The Box,Roddy Ricch,30Roc,12,11,17,2020-05-23
Toosie Slide,Drake,OZ,13,12,7,2020-05-23
Everything I Wanted,Billie Eilish,Finneas,10,5,25,2020-05-23
Hot Girl Bummer,blackbear,"A.M.Goldstein, blackbear",14,2,29,2020-05-23
Sunday Best,Surfaces,"F.Frank, C.Padalecki",15,15,10,2020-05-23
Roses,SAINt JHN,f a l l e n,19,16,7,2020-05-23
Supalonely,BENEE Featuring Gus Dapperton,J.M.Fountain,16,16,8,2020-05-23
The Bones,Maren Morris,G.Kurstin,17,17,12,2020-05-23
Ride It.,Regard,Regard,18,17,16,2020-05-23
Before You Go,Lewis Capaldi,TMS,21,20,19,2020-05-23
In Your Eyes,The Weeknd,"Max Martin, O.T.Holter, The Weeknd",20,20,8,2020-05-23
Be Kind,Marshmello & Halsey,Marshmello,26,22,3,2020-05-23
Stuck With U,Ariana Grande & Justin Bieber,G.M.Stone,28,23,2,2020-05-23
Death Bed,Powfu Featuring beabadoobee,Otterpop,22,22,6,2020-05-23
Level Of Concern,twenty one pilots,"T.Joseph, P.Meany",23,23,6,2020-05-23
I'm Ready,Sam Smith & Demi Lovato,ILYA,24,24,4,2020-05-23
Savage,Megan Thee Stallion Featuring Beyonce,J White Did It,29,27,4,2020-05-23
Old Me,5 Seconds Of Summer,(),30,28,7,2020-05-23
Baby Girl,Bryce Vine,(),32,29,7,2020-05-23
Heartless,Diplo Presents Thomas Wesley Featuring Morgan Wallen,"Diplo, King Henry, Charlie Handsome, J.Moi",37,30,5,2020-05-23
If The World Was Ending,JP Saxe Featuring Julia Michaels,Finneas,38,31,3,2020-05-23
Young & Alive,Bazzi,(),33,32,5,2020-05-23
Blueberry Faygo,Lil Mosey,Callan,40,33,3,2020-05-23
Nice To Meet Ya,Meghan Trainor Featuring Nicki Minaj,Ojivolta,34,30,11,2020-05-23
Worry About Me,Ellie Goulding Featuring blackbear,(),35,33,6,2020-05-23
July,Noah Cyrus & Leon Bridges,M.Sonier,39,36,9,2020-05-23
Life Is Good,Future Featuring Drake,"OZ, D.Hill",31,28,10,2020-05-23
I Love Me,Demi Lovato,"Oakwud, Ten4, Alex Nice",25,12,11,2020-05-23
Modern Loneliness,Lauv,(),27,23,11,2020-05-23
Maniac,Conan Gray,(),-,40,1,2020-05-23
Say So,Doja Cat,TYSON TRAX,1,1,16,2020-05-30
Blinding Lights,The Weeknd,"Max Martin, O.T.Holter, The Weeknd",2,1,23,2020-05-30
Intentions,Justin Bieber Featuring Quavo,"Poo Bear, The Audibles",4,3,16,2020-05-30
Don't Start Now,Dua Lipa,I.Kirkpatrick,3,1,29,2020-05-30
Adore You,Harry Styles,"Kid Harpoon, T.Johnson",6,1,25,2020-05-30
Falling,Trevor Daniel,"KC Supreme, Charlie Handsome, Taz Taylor",7,6,20,2020-05-30
My Oh My,Camila Cabello Featuring DaBaby,Frank Dukes,5,1,22,2020-05-30
RITMO (Bad Boys For Life),The Black Eyed Peas X J Balvin,"will.i.am, K.Harris",8,8,25,2020-05-30
Break My Heart,Dua Lipa,"Andrew Watt, The Monsters & Strangerz",10,9,9,2020-05-30
Circles,Post Malone,"Post Malone, Frank Dukes, L.Bell",9,1,39,2020-05-30
Toosie Slide,Drake,OZ,12,11,8,2020-05-30
Roses,SAINt JHN,f a l l e n,16,12,8,2020-05-30
Sunday Best,Surfaces,"F.Frank, C.Padalecki",15,13,11,2020-05-30
The Box,Roddy Ricch,30Roc,11,11,18,2020-05-30
Hot Girl Bummer,blackbear,"A.M.Goldstein, blackbear",14,2,30,2020-05-30
Supalonely,BENEE Featuring Gus Dapperton,J.M.Fountain,17,16,9,2020-05-30
The Bones,Maren Morris,G.Kurstin,18,17,13,2020-05-30
Stuck With U,Ariana Grande & Justin Bieber,G.M.Stone,23,18,3,2020-05-30
Ride It.,Regard,Regard,19,17,17,2020-05-30
Be Kind,Marshmello & Halsey,Marshmello,22,20,4,2020-05-30
Before You Go,Lewis Capaldi,TMS,20,20,20,2020-05-30
In Your Eyes,The Weeknd,"Max Martin, O.T.Holter, The Weeknd",21,20,9,2020-05-30
Death Bed,Powfu Featuring beabadoobee,Otterpop,24,22,7,2020-05-30
Savage,Megan Thee Stallion Featuring Beyonce,J White Did It,27,24,5,2020-05-30
Level Of Concern,twenty one pilots,"T.Joseph, P.Meany",25,23,7,2020-05-30
X,Jonas Brothers Featuring Karol G,Shellback,-,26,1,2020-05-30
I'm Ready,Sam Smith & Demi Lovato,ILYA,26,24,5,2020-05-30
Old Me,5 Seconds Of Summer,(),28,28,8,2020-05-30
Watermelon Sugar,Harry Styles,"Kid Harpoon, T.Johnson",-,29,1,2020-05-30
If The World Was Ending,JP Saxe Featuring Julia Michaels,Finneas,31,30,4,2020-05-30
Blueberry Faygo,Lil Mosey,Callan,33,31,4,2020-05-30
Heartless,Diplo Presents Thomas Wesley Featuring Morgan Wallen,"Diplo, King Henry, Charlie Handsome, J.Moi",30,30,6,2020-05-30
Baby Girl,Bryce Vine,(),29,29,8,2020-05-30
Rain On Me,Lady Gaga & Ariana Grande,"BloodPop, BURNS",-,34,1,2020-05-30
July,Noah Cyrus & Leon Bridges,M.Sonier,36,35,10,2020-05-30
Young & Alive,Bazzi,(),32,32,6,2020-05-30
Worry About Me,Ellie Goulding Featuring blackbear,(),35,33,7,2020-05-30
Maniac,Conan Gray,(),40,38,2,2020-05-30
The Scotts,"THE SCOTTS, Travis Scott & Kid Cudi","Take A Daytrip, Dot Da Genius, Plain Pat",-,39,1,2020-05-30
Oh My God,Alec Benjamin,(),-,40,1,2020-05-30
Say So,Doja Cat,TYSON TRAX,1,1,17,2020-06-06
Blinding Lights,The Weeknd,"Max Martin, O.T.Holter, The Weeknd",2,1,24,2020-06-06
Intentions,Justin Bieber Featuring Quavo,"Poo Bear, The Audibles",3,3,17,2020-06-06
Adore You,Harry Styles,"Kid Harpoon, T.Johnson",5,1,26,2020-06-06
Don't Start Now,Dua Lipa,I.Kirkpatrick,4,1,30,2020-06-06
Falling,Trevor Daniel,"KC Supreme, Charlie Handsome, Taz Taylor",6,6,21,2020-06-06
Break My Heart,Dua Lipa,"Andrew Watt, The Monsters & Strangerz",9,7,10,2020-06-06
RITMO (Bad Boys For Life),The Black Eyed Peas X J Balvin,"will.i.am, K.Harris",8,8,26,2020-06-06
My Oh My,Camila Cabello Featuring DaBaby,Frank Dukes,7,1,23,2020-06-06
Toosie Slide,Drake,OZ,11,10,9,2020-06-06
Circles,Post Malone,"Post Malone, Frank Dukes, L.Bell",10,1,40,2020-06-06
Roses,SAINt JHN,f a l l e n,12,12,9,2020-06-06
Sunday Best,Surfaces,"F.Frank, C.Padalecki",13,13,12,2020-06-06
The Bones,Maren Morris,G.Kurstin,17,14,14,2020-06-06
Supalonely,BENEE Featuring Gus Dapperton,J.M.Fountain,16,15,10,2020-06-06
Stuck With U,Ariana Grande & Justin Bieber,G.M.Stone,18,16,4,2020-06-06
Savage,Megan Thee Stallion Featuring Beyonce,J White Did It,24,17,6,2020-06-06
Be Kind,Marshmello & Halsey,Marshmello,20,18,5,2020-06-06
Ride It.,Regard,Regard,19,17,18,2020-06-06
Before You Go,Lewis Capaldi,TMS,21,20,21,2020-06-06
Death Bed,Powfu Featuring beabadoobee,Otterpop,23,21,8,2020-06-06
In Your Eyes,The Weeknd,"Max Martin, O.T.Holter, The Weeknd",22,20,10,2020-06-06
The Box,Roddy Ricch,30Roc,14,11,19,2020-06-06
X,Jonas Brothers Featuring Karol G,Shellback,26,24,2,2020-06-06
Watermelon Sugar,Harry Styles,"Kid Harpoon, T.Johnson",29,25,2,2020-06-06
Rain On Me,Lady Gaga & Ariana Grande,"BloodPop, BURNS",34,26,2,2020-06-06
Blueberry Faygo,Lil Mosey,Callan,31,27,5,2020-06-06
If The World Was Ending,JP Saxe Featuring Julia Michaels,Finneas,30,28,5,2020-06-06
Old Me,5 Seconds Of Summer,(),28,28,9,2020-06-06
Heartless,Diplo Presents Thomas Wesley Featuring Morgan Wallen,"Diplo, King Henry, Charlie Handsome, J.Moi",32,30,7,2020-06-06
Level Of Concern,twenty one pilots,"T.Joseph, P.Meany",25,23,8,2020-06-06
Baby Girl,Bryce Vine,(),33,29,9,2020-06-06
Like That,Doja Cat Featuring Gucci Mane,TYSON TRAX,-,33,1,2020-06-06
July,Noah Cyrus & Leon Bridges,M.Sonier,35,34,11,2020-06-06
I'm Ready,Sam Smith & Demi Lovato,ILYA,27,24,6,2020-06-06
Rockstar,DaBaby Featuring Roddy Ricch,SethInTheKitchen,-,36,1,2020-06-06
The Scotts,"THE SCOTTS, Travis Scott & Kid Cudi","Take A Daytrip, Dot Da Genius, Plain Pat",39,37,2,2020-06-06
Oh My God,Alec Benjamin,(),40,38,2,2020-06-06
Daisies,Katy Perry,The Monsters & Strangerz,-,39,1,2020-06-06
100 Ways,Jackson Wang,(),-,40,1,2020-06-06
Say So,Doja Cat,TYSON TRAX,1,1,18,2020-06-13
Blinding Lights,The Weeknd,"Max Martin, O.T.Holter, The Weeknd",2,1,25,2020-06-13
Intentions,Justin Bieber Featuring Quavo,"Poo Bear, The Audibles",3,3,18,2020-06-13
Adore You,Harry Styles,"Kid Harpoon, T.Johnson",4,1,27,2020-06-13
Don't Start Now,Dua Lipa,I.Kirkpatrick,5,1,31,2020-06-13
Falling,Trevor Daniel,"KC Supreme, Charlie Handsome, Taz Taylor",6,6,22,2020-06-13
Break My Heart,Dua Lipa,"Andrew Watt, The Monsters & Strangerz",7,7,11,2020-06-13
Roses,SAINt JHN,f a l l e n,12,8,10,2020-06-13
Circles,Post Malone,"Post Malone, Frank Dukes, L.Bell",11,1,41,2020-06-13
Sunday Best,Surfaces,"F.Frank, C.Padalecki",13,10,13,2020-06-13
Toosie Slide,Drake,OZ,10,10,10,2020-06-13
My Oh My,Camila Cabello Featuring DaBaby,Frank Dukes,9,1,24,2020-06-13
Savage,Megan Thee Stallion Featuring Beyonce,J White Did It,17,13,7,2020-06-13
RITMO (Bad Boys For Life),The Black Eyed Peas X J Balvin,"will.i.am, K.Harris",8,8,27,2020-06-13
Supalonely,BENEE Featuring Gus Dapperton,J.M.Fountain,15,15,11,2020-06-13
The Bones,Maren Morris,G.Kurstin,14,14,15,2020-06-13
Stuck With U,Ariana Grande & Justin Bieber,G.M.Stone,16,16,5,2020-06-13
Be Kind,Marshmello & Halsey,Marshmello,18,18,6,2020-06-13
Before You Go,Lewis Capaldi,TMS,20,19,22,2020-06-13
Death Bed,Powfu Featuring beabadoobee,Otterpop,21,20,9,2020-06-13
Rain On Me,Lady Gaga & Ariana Grande,"BloodPop, BURNS",26,21,3,2020-06-13
Ride It.,Regard,Regard,19,17,19,2020-06-13
Watermelon Sugar,Harry Styles,"Kid Harpoon, T.Johnson",25,23,3,2020-06-13
X,Jonas Brothers Featuring Karol G,Shellback,24,24,3,2020-06-13
In Your Eyes,The Weeknd,"Max Martin, O.T.Holter, The Weeknd",22,20,11,2020-06-13
The Box,Roddy Ricch,30Roc,23,11,20,2020-06-13
Blueberry Faygo,Lil Mosey,Callan,27,27,6,2020-06-13
If The World Was Ending,JP Saxe Featuring Julia Michaels,Finneas,28,28,6,2020-06-13
Heartless,Diplo Presents Thomas Wesley Featuring Morgan Wallen,"Diplo, King Henry, Charlie Handsome, J.Moi",30,29,8,2020-06-13
Like That,Doja Cat Featuring Gucci Mane,TYSON TRAX,33,30,2,2020-06-13
Rockstar,DaBaby Featuring Roddy Ricch,SethInTheKitchen,36,31,2,2020-06-13
Baby Girl,Bryce Vine,(),32,29,10,2020-06-13
Old Me,5 Seconds Of Summer,(),29,28,10,2020-06-13
The Scotts,"THE SCOTTS, Travis Scott & Kid Cudi","Take A Daytrip, Dot Da Genius, Plain Pat",37,34,3,2020-06-13
July,Noah Cyrus & Leon Bridges,M.Sonier,34,34,12,2020-06-13
Daisies,Katy Perry,The Monsters & Strangerz,39,36,2,2020-06-13
Oh My God,Alec Benjamin,(),38,37,3,2020-06-13
100 Ways,Jackson Wang,(),40,38,2,2020-06-13
Mamacita,"Black Eyed Peas, Ozuna + J.Rey Soul","will.i.am, J.Goldstein",-,39,1,2020-06-13
Bang!,AJR,R.Metzger,-,40,1,2020-06-13
Say So,Doja Cat,TYSON TRAX,1,1,19,2020-06-20
Blinding Lights,The Weeknd,"Max Martin, O.T.Holter, The Weeknd",2,1,26,2020-06-20
Intentions,Justin Bieber Featuring Quavo,"Poo Bear, The Audibles",3,3,19,2020-06-20
Falling,Trevor Daniel,"KC Supreme, Charlie Handsome, Taz Taylor",6,4,23,2020-06-20
Adore You,Harry Styles,"Kid Harpoon, T.Johnson",4,1,28,2020-06-20
Don't Start Now,Dua Lipa,I.Kirkpatrick,5,1,32,2020-06-20
Break My Heart,Dua Lipa,"Andrew Watt, The Monsters & Strangerz",7,7,12,2020-06-20
Roses,SAINt JHN,f a l l e n,8,8,11,2020-06-20
Sunday Best,Surfaces,"F.Frank, C.Padalecki",10,9,14,2020-06-20
Savage,Megan Thee Stallion Featuring Beyonce,J White Did It,13,10,8,2020-06-20
Circles,Post Malone,"Post Malone, Frank Dukes, L.Bell",9,1,42,2020-06-20
Supalonely,BENEE Featuring Gus Dapperton,J.M.Fountain,15,12,12,2020-06-20
The Bones,Maren Morris,G.Kurstin,16,13,16,2020-06-20
Stuck With U,Ariana Grande & Justin Bieber,G.M.Stone,17,14,6,2020-06-20
Be Kind,Marshmello & Halsey,Marshmello,18,15,7,2020-06-20
Rain On Me,Lady Gaga & Ariana Grande,"BloodPop, BURNS",21,16,4,2020-06-20
Before You Go,Lewis Capaldi,TMS,19,17,23,2020-06-20
Death Bed,Powfu Featuring beabadoobee,Otterpop,20,18,10,2020-06-20
Watermelon Sugar,Harry Styles,"Kid Harpoon, T.Johnson",23,19,4,2020-06-20
Toosie Slide,Drake,OZ,11,10,11,2020-06-20
X,Jonas Brothers Featuring Karol G,Shellback,24,21,4,2020-06-20
Blueberry Faygo,Lil Mosey,Callan,27,22,7,2020-06-20
If The World Was Ending,JP Saxe Featuring Julia Michaels,Finneas,28,23,7,2020-06-20
Ride It.,Regard,Regard,22,17,20,2020-06-20
Like That,Doja Cat Featuring Gucci Mane,TYSON TRAX,30,25,3,2020-06-20
Rockstar,DaBaby Featuring Roddy Ricch,SethInTheKitchen,31,26,3,2020-06-20
Heartless,Diplo Presents Thomas Wesley Featuring Morgan Wallen,"Diplo, King Henry, Charlie Handsome, J.Moi",29,27,9,2020-06-20
In Your Eyes,The Weeknd,"Max Martin, O.T.Holter, The Weeknd",25,20,12,2020-06-20
Mamacita,"Black Eyed Peas, Ozuna + J.Rey Soul","will.i.am, J.Goldstein",39,29,2,2020-06-20
Daisies,Katy Perry,The Monsters & Strangerz,36,30,3,2020-06-20
The Scotts,"THE SCOTTS, Travis Scott & Kid Cudi","Take A Daytrip, Dot Da Genius, Plain Pat",34,31,4,2020-06-20
I Hope,Gabby Barrett Featuring Charlie Puth,"R.Copperman, Z.Kale",-,32,1,2020-06-20
July,Noah Cyrus & Leon Bridges,M.Sonier,35,33,13,2020-06-20
100 Ways,Jackson Wang,(),38,34,3,2020-06-20
Oh My God,Alec Benjamin,(),37,35,4,2020-06-20
Drinks,CYN,(),-,36,1,2020-06-20
Bang!,AJR,R.Metzger,40,37,2,2020-06-20
Don't Rush,Young T & Bugsey Featuring Headie One,GRADES,-,38,1,2020-06-20
ily,surf mesa Featuring Emilee,surf mesa,-,39,1,2020-06-20
Man,JoJo,(),-,40,1,2020-06-20
Intentions,Justin Bieber Featuring Quavo,"Poo Bear, The Audibles",3,1,20,2020-06-27
Blinding Lights,The Weeknd,"Max Martin, O.T.Holter, The Weeknd",2,1,27,2020-06-27
Say So,Doja Cat,TYSON TRAX,1,1,20,2020-06-27
Falling,Trevor Daniel,"KC Supreme, Charlie Handsome, Taz Taylor",4,4,24,2020-06-27
Adore You,Harry Styles,"Kid Harpoon, T.Johnson",5,1,29,2020-06-27
Break My Heart,Dua Lipa,"Andrew Watt, The Monsters & Strangerz",7,6,13,2020-06-27
Roses,SAINt JHN,f a l l e n,8,7,12,2020-06-27
Don't Start Now,Dua Lipa,I.Kirkpatrick,6,1,33,2020-06-27
Savage,Megan Thee Stallion Featuring Beyonce,J White Did It,10,9,9,2020-06-27
Sunday Best,Surfaces,"F.Frank, C.Padalecki",9,9,15,2020-06-27
Circles,Post Malone,"Post Malone, Frank Dukes, L.Bell",11,1,43,2020-06-27
Rain On Me,Lady Gaga & Ariana Grande,"BloodPop, BURNS",16,12,5,2020-06-27
Supalonely,BENEE Featuring Gus Dapperton,J.M.Fountain,12,12,13,2020-06-27
The Bones,Maren Morris,G.Kurstin,13,13,17,2020-06-27
Before You Go,Lewis Capaldi,TMS,17,15,24,2020-06-27
Stuck With U,Ariana Grande & Justin Bieber,G.M.Stone,14,14,7,2020-06-27
Be Kind,Marshmello & Halsey,Marshmello,15,15,8,2020-06-27
Watermelon Sugar,Harry Styles,"Kid Harpoon, T.Johnson",19,18,5,2020-06-27
Death Bed,Powfu Featuring beabadoobee,Otterpop,18,18,11,2020-06-27
Blueberry Faygo,Lil Mosey,Callan,22,20,8,2020-06-27
X,Jonas Brothers Featuring Karol G,Shellback,21,21,5,2020-06-27
If The World Was Ending,JP Saxe Featuring Julia Michaels,Finneas,23,22,8,2020-06-27
Rockstar,DaBaby Featuring Roddy Ricch,SethInTheKitchen,26,23,4,2020-06-27
Toosie Slide,Drake,OZ,20,10,12,2020-06-27
Like That,Doja Cat Featuring Gucci Mane,TYSON TRAX,25,25,4,2020-06-27
Heartless,Diplo Presents Thomas Wesley Featuring Morgan Wallen,"Diplo, King Henry, Charlie Handsome, J.Moi",27,26,10,2020-06-27
I Hope,Gabby Barrett Featuring Charlie Puth,"R.Copperman, Z.Kale",32,27,2,2020-06-27
Mamacita,"Black Eyed Peas, Ozuna + J.Rey Soul","will.i.am, J.Goldstein",29,28,3,2020-06-27
Daisies,Katy Perry,The Monsters & Strangerz,30,29,4,2020-06-27
100 Ways,Jackson Wang,(),34,30,4,2020-06-27
The Scotts,"THE SCOTTS, Travis Scott & Kid Cudi","Take A Daytrip, Dot Da Genius, Plain Pat",31,31,5,2020-06-27
Oh My God,Alec Benjamin,(),35,32,5,2020-06-27
July,Noah Cyrus & Leon Bridges,M.Sonier,33,33,14,2020-06-27
Drinks,CYN,(),36,34,2,2020-06-27
Bang!,AJR,R.Metzger,37,35,3,2020-06-27
Don't Rush,Young T & Bugsey Featuring Headie One,GRADES,38,36,2,2020-06-27
ily,surf mesa Featuring Emilee,surf mesa,39,37,2,2020-06-27
Man,JoJo,(),40,38,2,2020-06-27
In Your Eyes,The Weeknd,"Max Martin, O.T.Holter, The Weeknd",28,20,13,2020-06-27
Moral Of The Story,Ashe,"N.Conrad, Finneas",-,40,1,2020-06-27
Blinding Lights,The Weeknd,"Max Martin, O.T.Holter, The Weeknd",2,1,28,2020-07-04
Intentions,Justin Bieber Featuring Quavo,"Poo Bear, The Audibles",1,1,21,2020-07-04
Say So,Doja Cat,TYSON TRAX,3,1,21,2020-07-04
Falling,Trevor Daniel,"KC Supreme, Charlie Handsome, Taz Taylor",4,4,25,2020-07-04
Adore You,Harry Styles," Kid Harpoon, T.Johnson",5,1,30,2020-07-04
Break My Heart,Dua Lipa,"Andrew Watt, The Monsters & Strangerz",6,6,14,2020-07-04
Roses,SAINt JHN,f a l l e n,7,7,13,2020-07-04
Savage,Megan Thee Stallion Featuring Beyonce,J White Did It,9,8,10,2020-07-04
Don't Start Now,Dua Lipa,I.Kirkpatrick,8,1,34,2020-07-04
Sunday Best,Surfaces,"F.Frank, C.Padalecki",10,9,16,2020-07-04
Rain On Me,Lady Gaga & Ariana Grande,"BloodPop, BURNS",12,11,6,2020-07-04
Circles,Post Malone,"Post Malone, Frank Dukes, L.Bell",11,1,44,2020-07-04
Supalonely,BENEE Featuring Gus Dapperton,J.M.Fountain,13,12,14,2020-07-04
Watermelon Sugar,Harry Styles,"Kid Harpoon, T.Johnson",18,14,6,2020-07-04
Before You Go,Lewis Capaldi,TMS,15,15,25,2020-07-04
Death Bed,Powfu Featuring beabadoobee,Otterpop,19,16,12,2020-07-04
Be Kind,Marshmello & Halsey,Marshmello,17,15,9,2020-07-04
Stuck With U,Ariana Grande & Justin Bieber,G.M.Stone,16,14,8,2020-07-04
The Bones,Maren Morris,G.Kurstin,14,13,18,2020-07-04
Blueberry Faygo,Lil Mosey,Callan,20,20,9,2020-07-04
Rockstar,DaBaby Featuring Roddy Ricch,SethInTheKitchen,23,21,5,2020-07-04
If The World Was Ending,JP Saxe Featuring Julia Michaels,Finneas,22,22,9,2020-07-04
X,Jonas Brothers Featuring Karol G,Shellback,21,21,6,2020-07-04
Like That,Doja Cat Featuring Gucci Mane,TYSON TRAX,25,24,5,2020-07-04
I Hope,Gabby Barrett Featuring Charlie Puth,"R.Copperman, Z.Kale",27,25,3,2020-07-04
Heartless,Diplo Presents Thomas Wesley Featuring Morgan Wallen,"Diplo, King Henry, Charlie Handsome, J.Moi",26,26,11,2020-07-04
Mamacita,"Black Eyed Peas, Ozuna + J.Rey Soul","will.i.am, J.Goldstein",28,27,4,2020-07-04
Daisies,Katy Perry,The Monsters & Strangerz,29,28,5,2020-07-04
Toosie Slide,Drake,OZ,24,10,13,2020-07-04
100 Ways,Jackson Wang,(),30,30,5,2020-07-04
Drinks,CYN,(),34,31,3,2020-07-04
The Scotts,"THE SCOTTS, Travis Scott & Kid Cudi","Take A Daytrip, Dot Da Genius, Plain Pat",31,31,6,2020-07-04
Oh My God,Alec Benjamin,(),32,32,6,2020-07-04
July,Noah Cyrus & Leon Bridges,M.Sonier,33,33,15,2020-07-04
Bang!,AJR,R.Metzger,35,35,4,2020-07-04
Don't Rush,Young T & Bugsey Featuring Headie One,GRADES,36,36,3,2020-07-04
ily,surf mesa Featuring Emilee,surf mesa,37,37,3,2020-07-04
Man,JoJo,(),38,38,3,2020-07-04
17,Pink Sweat$,(),-,39,1,2020-07-04
The Other Girl,Kelsea Ballerini x Halsey,"R.Copperman, S.McAnally, K.Ballerini",-,40,1,2020-07-04
Blinding Lights,The Weeknd,"Max Martin, O.T.Holter, The Weeknd",1,1,29,2020-07-11
Falling,Trevor Daniel,"KC Supreme, Charlie Handsome, Taz Taylor",4,2,26,2020-07-11
Say So,Doja Cat,TYSON TRAX,3,1,22,2020-07-11
Intentions,Justin Bieber Featuring Quavo,"Poo Bear, The Audibles",2,1,22,2020-07-11
Break My Heart,Dua Lipa,"Andrew Watt, The Monsters & Strangerz",6,5,15,2020-07-11
Adore You,Harry Styles,"Kid Harpoon, T.Johnson",5,1,31,2020-07-11
Roses,SAINt JHN,f a l l e n,7,7,14,2020-07-11
Savage,Megan Thee Stallion Featuring Beyonce,J White Did It,8,8,11,2020-07-11
Watermelon Sugar,Harry Styles,"Kid Harpoon, T.Johnson",14,9,7,2020-07-11
Sunday Best,Surfaces,"F.Frank, C.Padalecki",10,9,17,2020-07-11
Don't Start Now,Dua Lipa,I.Kirkpatrick,9,1,35,2020-07-11
Rain On Me,Lady Gaga & Ariana Grande,"BloodPop, BURNS",11,11,7,2020-07-11
Before You Go,Lewis Capaldi,TMS,15,13,26,2020-07-11
Supalonely,BENEE Featuring Gus Dapperton,J.M.Fountain,13,12,15,2020-07-11
Circles,Post Malone,"Post Malone, Frank Dukes, L.Bell",12,1,45,2020-07-11
Death Bed,Powfu Featuring beabadoobee,Otterpop,16,16,13,2020-07-11
Be Kind,Marshmello & Halsey,Marshmello,17,15,10,2020-07-11
Stuck With U,Ariana Grande & Justin Bieber,G.M.Stone,18,14,9,2020-07-11
Blueberry Faygo,Lil Mosey,Callan,20,19,10,2020-07-11
Rockstar,DaBaby Featuring Roddy Ricch,SethInTheKitchen,21,20,6,2020-07-11
If The World Was Ending,JP Saxe Featuring Julia Michaels,Finneas,22,21,10,2020-07-11
The Bones,Maren Morris,G.Kurstin,19,13,19,2020-07-11
Like That,Doja Cat Featuring Gucci Mane,TYSON TRAX,24,23,6,2020-07-11
I Hope,Gabby Barrett Featuring Charlie Puth,"R.Copperman, Z.Kale",25,24,4,2020-07-11
Mamacita,"Black Eyed Peas, Ozuna + J.Rey Soul","will.i.am, J.Goldstein",27,25,5,2020-07-11
Heartless,Diplo Presents Thomas Wesley Featuring Morgan Wallen,"Diplo, King Henry, Charlie Handsome, J.Moi",26,26,12,2020-07-11
X,Jonas Brothers Featuring Karol G,Shellback,23,21,7,2020-07-11
Daisies,Katy Perry,The Monsters & Strangerz,28,28,6,2020-07-11
100 Ways,Jackson Wang,(),30,29,6,2020-07-11
Past Life,Trevor Daniel x Selena Gomez,"Finneas, S.Myer",-,30,1,2020-07-11
Drinks,CYN,(),31,31,4,2020-07-11
Don't Rush,Young T & Bugsey Featuring Headie One,GRADES,36,32,4,2020-07-11
Bang!,AJR,R.Metzger,35,33,5,2020-07-11
July,Noah Cyrus & Leon Bridges,M.Sonier,34,33,16,2020-07-11
Oh My God,Alec Benjamin,(),33,32,7,2020-07-11
Savage Love (Laxed - Siren Beat),Jawsh 685 x Jason Derulo,"Jawsh 685, Jason Derulo",-,36,1,2020-07-11
Toosie Slide,Drake,OZ,29,10,14,2020-07-11
ily,surf mesa Featuring Emilee,surf mesa,37,37,4,2020-07-11
The Other Girl,Kelsea Ballerini x Halsey,"R.Copperman, S.McAnally, K.Ballerini",40,39,2,2020-07-11
17,Pink Sweat$,(),39,39,2,2020-07-11
